Workbook
Name _Hlk483005579: 'Cuadro 11'!#REF!
Name _Hlk483005579: 'Cuadro 12'!#REF!
Name _Hlk483005579: 'Cuadro 13'!#REF!
Name _Hlk483005846: 'Cuadro 11'!#REF!
Name _Hlk483005846: 'Cuadro 12'!#REF!
Name _Hlk483005846: 'Cuadro 13'!#REF!
Name _Hlk483070127: 'Cuadro 8'!#REF!
Name _Hlk483070810: 'Cuadro 20'!#REF!
Name _Hlk483070810: 'Cuadro 21'!#REF!
Name _Hlk483070810: 'Cuadro 22'!#REF!
Name OLE_LINK24: 'Cuadro 9'!#REF!
Name OLE_LINK25: 'Cuadro 20'!#REF!
Name OLE_LINK25: 'Cuadro 21'!#REF!
Name OLE_LINK25: 'Cuadro 22'!#REF!
Name OLE_LINK27: 'Cuadro 20'!#REF!
Name OLE_LINK27: 'Cuadro 21'!#REF!
Name OLE_LINK27: 'Cuadro 22'!#REF!
Name OLE_LINK28: 'Cuadro 20'!#REF!
Name OLE_LINK28: 'Cuadro 21'!#REF!
Name OLE_LINK28: 'Cuadro 22'!#REF!
Name OLE_LINK35: 'Cuadro 20'!$A$2
Name OLE_LINK35: 'Cuadro 21'!$A$2
Name OLE_LINK35: 'Cuadro 22'!$A$2
Name OLE_LINK35: #REF!

Sheet INDICE
A1: AUTOMOTORES - Coberturas de Casco | B1: ANEXO II
A3: Siniestros de Casco del Ramo Automotores - año 2024
A4: Información contenida | B4: Cuadro
A5: =+'Cuadro 1'!A2:O2 -> Cuadro 1: Vehículos Expuestos a Riesgo. Por Categoría de Cobertura. Por año. | B5: Cuadro 1
A6: =+'Cuadro 2'!A2:N2 -> Cuadro 2: Siniestros por Hecho Generador. Total por año | B6: Cuadro 2
A7: =+'Cuadro 3'!A2:M2 -> Cuadro 3: Vehículos Expuestos a Riesgo. Participación porcentual por Categoría de Cobertura. Por año | B7: Cuadro 3
A8: =+'Cuadro 4'!A2:L2 -> Cuadro 4: Frecuencia Siniestral por Hecho Generador. Por año | B8: Cuadro 4
A9: =+'Cuadro 5'!A2:L2 -> Cuadro 5: Siniestros por Tipo de Vehículo. Todos los Hechos Generadores de Casco. Por año | B9: Cuadro 5
A10: =+'Cuadro 6'!A2:L2 -> Cuadro 6: Vehículos Expuestos a Riesgo por Tipo de Vehículo. Participación por Tipo de Cobertura. Por año | B10: Cuadro 6
A11: =+'Cuadro 7'!A2:L2 -> Cuadro 7: Frecuencia Siniestral de Casco por Tipo de Vehículo. Todos los Hechos Generadores de Casco. Por año | B11: Cuadro 7
A12: =+'Cuadro 8'!A2:G2 -> Cuadro 8: Siniestros de Casco por Jurisdicción. Año 2024. Comparación con año 2023 | B12: Cuadro 8
A13: =+'Cuadro 9'!A2:P2 -> Cuadro 9: Siniestros de Casco por Jurisdicción, Zona y Hecho Generador. Año 2024 | B13: Cuadro 9
A14: =+'Cuadro 10'!A2:P2 -> Cuadro 10: Frecuencia Siniestral de Casco por Hecho Generador. Principales Zonas. Año 2024. Comparación con año 2023 | B14: Cuadro 10
A15: =+'Cuadro 11'!A2:L2 -> Cuadro 11: Siniestros de Robo Total por Tipo de Vehículo. Por año | B15: Cuadro 11
A16: =+'Cuadro 12'!A2:N2 -> Cuadro 12: Vehículos Expuestos a Riesgo con cobertura de Robo Total por Tipo de Vehículo. Por año | B16: Cuadro 12
A17: =+'Cuadro 13'!A2:L2 -> Cuadro 13: Frecuencia Siniestral de Robo Total por Tipo de Vehículo. Por año | B17: Cuadro 13
A18: =+'Cuadro 14'!A2:G2 -> Cuadro 14: Siniestros de Robo Total por Mes de ocurrencia | B18: Cuadro 14
A19: =+'Cuadro 15'!A2:J2 -> Cuadro 15: Siniestros de Robo Total por Tipo de Vehículo y Mes de ocurrencia. Año 2024 | B19: Cuadro 15
A20: =+'Cuadro 16'!A2:E2 -> Cuadro 16: Siniestros de Robo Total por Jurisdicción. Año 2024 | B20: Cuadro 16
A21: =+'Cuadro 17'!A2:M2 -> Cuadro 17: Siniestros de Robo Total por Jurisdicción. Por año | B21: Cuadro 17
A22: =+'Cuadro 18'!A2:M2 -> Cuadro 18: Vehículos Expuestos a Riesgo con cobertura de Robo Total por Jurisdicción. Por año | B22: Cuadro 18
A23: =+'Cuadro 19'!$A$2:$M$2 -> Cuadro 19: Frecuencia Siniestral de Robo Total por Jurisdicción. Por año | B23: Cuadro 19
A24: =+'Cuadro 20'!$A$2:$M$2 -> Cuadro 20: Siniestros de Robo Total por Tipo de Vehículo y Jurisdicción. Año 2024 | B24: Cuadro 20
A25: =+'Cuadro 21'!$A$2:$M$2 -> Cuadro 21: Vehículos Expuestos a Riesgo por Tipo de Vehículo y Jurisdicción. Cobertura de Robo Total. Año 2024 | B25: Cuadro 21
A26: =+'Cuadro 22'!$A$2:$M$2 -> Cuadro 22: Frecuencia Siniestral de Robo Total por Tipo de Vehículo y Jurisdicción. Año 2024 | B26: Cuadro 22
A27: =+'Cuadro 23'!$A$2:$M$2 -> Cuadro 23: Siniestros de Robo Total. Frecuencia Siniestral. Principales Tipos de Vehículo, Jurisdicciones y Zonas. | B27: Cuadro 23
A28: =+'Cuadro 24'!$A$2:$M$2 -> Cuadro 24: Siniestros de Robo Total. Partidos del Área Metropolitana. Año 2024 | B28: Cuadro 24
A29: =+'Cuadro 25'!$A$2:$M$2 -> Cuadro 25: Siniestros de Robo Total. Partidos del Área Metropolitana. Por año | B29: Cuadro 25
A30: =+'Cuadro 26'!$A$2:$M$2 -> Cuadro 26: Vehículos Expuestos a Riesgo con cobertura de Robo Total. Partidos del Área Metropolitana. Por año | B30: Cuadro 26
A31: =+'Cuadro 27'!$A$2:$M$2 -> Cuadro 27: Frecuencia Siniestral de Robo Total. Partidos del Área Metropolitana. Por año | B31: Cuadro 27
A32: =+'Cuadro 28'!$A$2:$M$2 -> Cuadro 28: Siniestros de Robo Total. Partidos del Área Metropolitana. Principales Tipos de Vehículo. Año 2024 | B32: Cuadro 28
A33: =+'Cuadro 29'!$A$2:$M$2 -> Cuadro 29: Vehículos Expuestos a Riesgo con cobertura de Robo Total. Partidos del Área Metropolitana. Principales Tipos de Vehículo. Año 2024 | B33: Cuadro 29
A34: =+'Cuadro 30'!$A$2:$M$2 -> Cuadro 30: Frecuencia Siniestral de Robo Total. Partidos del Área Metropolitana. Principales Tipos de Vehículo. Año 2024 | B34: Cuadro 30
A35: =+'Cuadro 31'!$A$2:$N$2 -> Cuadro 31: Siniestros de Robo Total por Año de Fabricación y Tipo de Vehículo. Año 2024 | B35: Cuadro 31
A36: =+'Cuadro 32'!$A$2:$M$2 -> Cuadro 32: Automóviles. Siniestros de Robo Total. Ranking por Marca y Modelo. Año 2024 | B36: Cuadro 32
A37: =+'Cuadro 33'!$A$2:$M$2 -> Cuadro 33: Motos. Siniestros de Robo Total. Ranking por Marca y Modelo. Año 2024 | B37: Cuadro 33

Sheet Cuadro 1
A1: AUTOMOTORES - Coberturas de Casco | Q1: INDICE
A2: Cuadro 1: Vehículos Expuestos a Riesgo. Por Categoría de Cobertura. Por año. | N2: Var. | O2: Var.
A4: Categoría de Cobertura | C4: Año | M4: Part. 2024 | N4: Var. | O4: Var.
N5: (24 / 23) | O5: (24 / 15)
C6: 2015 | D6: 2016 | E6: 2017 | F6: 2018 | G6: 2019 | H6: 2020 | I6: 2021 | J6: 2022 | K6: 2023 | L6: 2024 | M6: % | N6: % | O6: %
B7: TOTAL | C7: 11055593 | D7: 11382312 | E7: 12079792 | F7: 13062191 | G7: 13233632 | H7: 13205558 | I7: 13897229 | J7: 14526548 | K7: 15014323 | L7: 14889353 | M7: 1 | N7: =+L7/K7-1 -> -0.0083233856 | O7: =+L7/C7-1 -> 0.34677109
A8: A | B8: Responsabilidad Civil (RC) | C8: 3475173.3 | D8: 3531115.5 | E8: 3744199.6 | F8: 3985237.2 | G8: 3950556.3 | H8: 4000761.9 | I8: 4313924.5 | J8: 4787730.8 | K8: 4969477.2 | L8: 5252846.7 | M8: 0.35279214 | N8: 0.057021984 | O8: 0.51153518
A9: B | B9: RC, Robo Total, Incendio Total, Daño Total | C9: 457961.5 | D9: 484896.54 | E9: 446230.34 | F9: 464034.57 | G9: 460686.51 | H9: 470932.14 | I9: 504823.36 | J9: 488065.07 | K9: 552918.91 | L9: 554460.33 | M9: 0.037238712 | N9: 0.0027877774 | O9: 0.21071385
A10: B1 | B10: RC, Robo Total, Incendio Total | C10: 612568.33 | D10: 636940.23 | E10: 735926.92 | F10: 813207.63 | G10: 770522.65 | H10: 771836.18 | I10: 855109.09 | J10: 910891.45 | K10: 986237.62 | L10: 952194.42 | M10: 0.063951363 | N10: -0.034518248 | O10: 0.55442973
A11: C | B11: RC, Robo Total y Parcial, Incendio Total y Parcial, Daño Total | C11: 3481333.8 | D11: 3601590.7 | E11: 3727360.9 | F11: 3971449.3 | G11: 4007146.3 | H11: 3883992.3 | I11: 4023658.1 | J11: 3942260.2 | K11: 3936149.8 | L11: 3945932 | M11: 0.26501702 | N11: 0.0024852214 | O11: 0.13345407
A12: C1 | B12: RC, Robo Total y Parcial, Incendio Total y Parcial | C12: 536902.15 | D12: 531703.73 | E12: 479992.56 | F12: 483462.27 | G12: 491313.71 | H12: 452470.2 | I12: 481284.44 | J12: 451142.85 | K12: 416839.66 | L12: 329998.64 | M12: 0.022163397 | N12: -0.20833195 | O12: -0.38536541
A13: D | B13: RC, Robo Total y Parcial, Incendio Total y Parcial, Daño Total y Parcial | C13: 1995629 | D13: 2109697.9 | E13: 2364547.7 | F13: 2658044.3 | G13: 2893325.7 | H13: 2897452.1 | I13: 2822672.3 | J13: 2793164.2 | K13: 2874384.6 | L13: 2788362.3 | M13: 0.18727223 | N13: -0.029927188 | O13: 0.3972348
A14: OTRAS | B14: RC y coberturas de casco varias | C14: 496024.86 | D14: 486367.44 | E14: 581534.01 | F14: 686755.81 | G14: 659483.4 | H14: 726624.53 | I14: 895591.71 | J14: 1153293.4 | K14: 1278315.2 | L14: 1065558.6 | M14: 0.071565138 | N14: -0.16643517 | O14: 1.148196

Sheet Cuadro 2
A1: AUTOMOTORES - Coberturas de Casco | P1: INDICE
A2: Cuadro 2: Siniestros por Hecho Generador. Total por año
A4: Hecho Generador | B4: Año | L4: Part. 2024 | M4: Var. | N4: Var.
M5: (24 / 23) | N5: (24 / 15)
B6: 2015 | C6: 2016 | D6: 2017 | E6: 2018 | F6: 2019 | G6: 2020 | H6: 2021 | I6: 2022 | J6: 2023 | K6: 2024 | L6: % | M6: % | N6: %
A7: Total | B7: 1516301 | C7: 1607783 | D7: 1767030 | E7: 1972543 | F7: 2001151 | G7: 1359599 | H7: 1847608 | I7: 2142876 | J7: 2218125 | K7: 2077069 | L7: 1 | M7: -0.063592449 | N7: 0.36982631
A8: Robo Total | B8: 66872 | C8: 69988 | D8: 68320 | E8: 68736 | F8: 74237 | G8: 54257 | H8: 65867 | I8: 83572 | J8: 104051 | K8: 108775 | L8: 0.052369469 | M8: 0.045400813 | N8: 0.62661503
A9: Robo Parcial | B9: 233026 | C9: 236545 | D9: 215676 | E9: 215528 | F9: 260296 | G9: 215426 | H9: 314436 | I9: 382960 | J9: 407031 | K9: 367675 | L9: 0.17701627 | M9: -0.096690424 | N9: 0.57782823
A10: Incendio Total | B10: 3008 | C10: 3429 | D10: 3752 | E10: 3861 | F10: 4262 | G10: 3440 | H10: 4365 | I10: 5048 | J10: 6048 | K10: 7663 | L10: 0.0036893334 | M10: 0.26703042 | N10: 1.5475399
A11: Incendio Parcial | B11: 6505 | C11: 6361 | D11: 5832 | E11: 8980 | F11: 5227 | G11: 3900 | H11: 4578 | I11: 4896 | J11: 4931 | K11: 4576 | L11: 0.0022031045 | M11: -0.07199351 | N11: -0.29654112
A12: Daño Total | B12: 32545 | C12: 35024 | D12: 42894 | E12: 50161 | F12: 52796 | G12: 31771 | H12: 38638 | I12: 39849 | J12: 45362 | K12: 44923 | L12: 0.021628073 | M12: -0.0096777038 | N12: 0.38033492
A13: Daño Parcial | B13: 1174345 | C13: 1256436 | D13: 1430556 | E13: 1625277 | F13: 1604333 | G13: 1050805 | H13: 1419724 | I13: 1626551 | J13: 1650702 | K13: 1543457 | L13: 0.74309375 | M13: -0.064969328 | N13: 0.31431309

Sheet Cuadro 3
A1: AUTOMOTORES - Coberturas de Casco | O1: INDICE
A2: Cuadro 3: Vehículos Expuestos a Riesgo. Participación porcentual por Categoría de Cobertura. Por año
A4: Categoría de Cobertura | C4: Año | M4: Var. (en p.p.)*
C5: 2015 | D5: 2016 | E5: 2017 | F5: 2018 | G5: 2019 | H5: 2020 | I5: 2021 | J5: 2022 | K5: 2023 | L5: 2024
B6: TOTAL | C6: 1 | D6: 1 | E6: 1 | F6: 1 | G6: 1 | H6: 1 | I6: 1 | J6: 1 | K6: 1 | L6: 1
A7: A | B7: Responsabilidad Civil (RC) | C7: 0.31433622 | D7: 0.31022832 | E7: 0.30995563 | F7: 0.30509715 | G7: 0.29853744 | H7: 0.30299461 | I7: 0.31041986 | J7: 0.3295849 | K7: 0.33098244 | L7: 0.35279214 | M7: 2.18
A8: B | B8: RC, Robo Total, Incendio Total, Daño Total | C8: 0.041423513 | D8: 0.042600883 | E8: 0.036940233 | F8: 0.035525018 | G8: 0.034813369 | H8: 0.035665683 | I8: 0.036325902 | J8: 0.033598146 | K8: 0.036826097 | L8: 0.037238712 | M8: 0.04
A9: B1 | B9: RC, Robo Total, Incendio Total | C9: 0.055408003 | D9: 0.055958775 | E9: 0.060922152 | F9: 0.062256603 | G9: 0.058227207 | H9: 0.058454418 | I9: 0.061531638 | J9: 0.062705293 | K9: 0.065686453 | L9: 0.063951363 | M9: -0.17
A10: C | B10: RC, Robo Total y Parcial, Incendio Total y Parcial, Daño Total | C10: 0.31489345 | D10: 0.31641996 | E10: 0.30856168 | F10: 0.30404159 | G10: 0.30281386 | H10: 0.29415116 | I10: 0.28953297 | J10: 0.27138314 | K10: 0.26215966 | L10: 0.26501702 | M10: 0.28
A11: C1 | B11: RC, Robo Total y Parcial, Incendio Total y Parcial | C11: 0.048563849 | D11: 0.046713157 | E11: 0.039735167 | F11: 0.037012341 | G11: 0.037127819 | H11: 0.034267481 | I11: 0.034632096 | J11: 0.031056439 | K11: 0.027762801 | L11: 0.022163397 | M11: -0.56
A12: D | B12: RC, Robo Total y Parcial, Incendio Total y Parcial, Daño Total y Parcial | C12: 0.18050855 | D12: 0.1853488 | E12: 0.19574407 | F12: 0.20349146 | G12: 0.21864415 | H12: 0.2194363 | I12: 0.20311286 | J12: 0.19227997 | K12: 0.19144284 | L12: 0.18727223 | M12: -0.41
A13: OTRAS | B13: RC y coberturas de casco varias | C13: 0.044866419 | D13: 0.04273011 | E13: 0.048141061 | F13: 0.052575851 | G13: 0.049836143 | H13: 0.055030348 | I13: 0.064444673 | J13: 0.079392118 | K13: 0.085139717 | L13: 0.071565138 | M13: -1.35
A15: * puntos porcentuales

Sheet Cuadro 4
A1: AUTOMOTORES - Coberturas de Casco | N1: INDICE
A2: Cuadro 4: Frecuencia Siniestral por Hecho Generador. Por año
A4: Hecho Generador | B4: Año | L4: Var. (en p.p.)*
B5: 2015 | C5: 2016 | D5: 2017 | E5: 2018 | F5: 2019 | G5: 2020 | H5: 2021 | I5: 2022 | J5: 2023 | K5: 2024
A6: Total | B6: 0.20002863 | C6: 0.20478191 | D6: 0.21198613 | E6: 0.21731332 | F6: 0.2155837 | G6: 0.14772939 | H6: 0.19279779 | I6: 0.22003452 | J6: 0.22082221 | K6: 0.2155417 | L6: -0.53
A7: Robo Total | B7: 0.0088216751 | C7: 0.0089143101 | D7: 0.0081961781 | E7: 0.0075725845 | F7: 0.0079975409 | G7: 0.0058953806 | H7: 0.0068732176 | I7: 0.0085813296 | J7: 0.010358646 | K7: 0.011287805 | L7: 0.09
A8: Robo Parcial | B8: 0.038748126 | C8: 0.037889683 | D8: 0.032817901 | E8: 0.030300765 | F8: 0.035214224 | G8: 0.029780003 | H8: 0.042911098 | I8: 0.053288307 | J8: 0.056317965 | K8: 0.052046964 | L8: -0.43
A9: Incendio Total | B9: 0.0003968118 | C9: 0.00043674872 | D9: 0.00045011798 | E9: 0.00042536297 | F9: 0.00045914462 | G9: 0.00037377867 | H9: 0.0004554875 | I9: 0.0005183381 | J9: 0.00060209984 | K9: 0.00079520521 | L9: 0.02
A10: Incendio Parcial | B10: 0.0008581319 | C10: 0.00081019498 | D10: 0.00069965033 | E10: 0.00098931869 | F10: 0.00056310393 | G10: 0.0004237607 | H10: 0.00047771403 | I10: 0.00050273046 | J10: 0.00049089853 | K10: 0.00047486089 | L10: 0
A11: Daño Total | B11: 0.0042932979 | C11: 0.0044609761 | D11: 0.005145885 | E11: 0.0055261932 | F11: 0.0056877052 | G11: 0.0034521285 | H11: 0.004031873 | I11: 0.00409177 | J11: 0.0045159479 | K11: 0.0046617517 | L11: 0.02
A12: Daño Parcial | B12: 0.58845856 | C12: 0.59555258 | D12: 0.60500197 | E12: 0.61145596 | F12: 0.55449444 | G12: 0.36266518 | H12: 0.5029716 | I12: 0.58233275 | J12: 0.57428014 | K12: 0.5535353 | L12: -2.08
A14: * puntos porcentuales

Sheet Cuadro 5
A1: AUTOMOTORES - Coberturas de Casco | P1: INDICE
A2: Cuadro 5: Siniestros por Tipo de Vehículo. Todos los Hechos Generadores de Casco. Por año
A4: Tipo de Vehículo | B4: Año | L4: Part. 2024 | M4: Var. | N4: Var.
M5: (24 / 23) | N5: (24 / 15)
B6: 2015 | C6: 2016 | D6: 2017 | E6: 2018 | F6: 2019 | G6: 2020 | H6: 2021 | I6: 2022 | J6: 2023 | K6: 2024 | L6: % | M6: % | N6: %
A7: Total | B7: 1516301 | C7: 1607783 | D7: 1767030 | E7: 1972543 | F7: 2001151 | G7: 1359599 | H7: 1847608 | I7: 2142876 | J7: 2218125 | K7: 2077069 | L7: 1 | M7: -0.063592449 | N7: 0.36982631
A8: Autos | B8: 1384432 | C8: 1456752 | D8: 1603373 | E8: 1783395 | F8: 1802549 | G8: 1205118 | H8: 1644322 | I8: 1888557 | J8: 1937103 | K8: 1795508 | L8: 0.86444312 | M8: -0.073096268 | N8: 0.29692755
A9: Camionetas | B9: 82278 | C9: 95842 | D9: 109851 | E9: 125516 | F9: 131767 | G9: 100979 | H9: 142265 | I9: 173108 | J9: 183691 | K9: 188425 | L9: 0.090716774 | M9: 0.02577154 | N9: 1.2901018
A10: Camiones | B10: 10294 | C10: 10750 | D10: 10379 | E10: 12130 | F10: 13076 | G10: 12738 | H10: 17141 | I10: 20436 | J10: 21047 | K10: 18831 | L10: 0.0090661408 | M10: -0.10528816 | N10: 0.82931805
A11: Taxis | B11: 3734 | C11: 4141 | D11: 4630 | E11: 6807 | F11: 4632 | G11: 2758 | H11: 2816 | I11: 2927 | J11: 2906 | K11: 2436 | L11: 0.0011728065 | M11: -0.16173434 | N11: -0.3476165
A12: Remises | B12: 3613 | C12: 3715 | D12: 4220 | E12: 4519 | F12: 4105 | G12: 2423 | H12: 2799 | I12: 2687 | J12: 2372 | K12: 2135 | L12: 0.0010278907 | M12: -0.099915683 | N12: -0.40907833
A13: Motos | B13: 28397 | C13: 32750 | D13: 30807 | E13: 36216 | F13: 40603 | G13: 32015 | H13: 33415 | I13: 49094 | J13: 64288 | K13: 63365 | L13: 0.030506931 | M13: -0.014357267 | N13: 1.2313977
A14: Máquinas Rurales | B14: 2127 | C14: 2233 | D14: 2047 | E14: 2274 | F14: 2315 | G14: 2260 | H14: 2841 | I14: 3157 | J14: 3039 | K14: 2513 | L14: 0.001209878 | M14: -0.17308325 | N14: 0.18147626
A15: M1+M2+M3 | B15: 1426 | C15: 1600 | D15: 1723 | E15: 1686 | F15: 2104 | G15: 1308 | H15: 2009 | I15: 2910 | J15: 3679 | K15: 3856 | L15: 0.0018564622 | M15: 0.0481109 | N15: 1.7040673
A17: Autos | B17: Autómoviles, camionetas rurales, breaks, jeeps hasta 4 cilindros, pick up A.
A18: Camionetas | B18: Jeeps más de 4 cilindros, pick up B, casas rodantes con propulsión propia.
A19: Camiones | B19: Camiones, semitracción.
A20: Máquinas Rurales | B20: Tractores, máquinas rurales, acoplados para trabajos rurales, acoplados, furgones, semirremolques, casas rodantes sin propulsión propia, trailer, bantam.
A21: M1+M2+M3 | B21: M1: vehículo para transporte de pasajeros, que no contenga más de 8 asientos además del asiento del conductor y que cargado no exceda de un peso máximo de 3500 Kg.
B22: M2: vehículo para transporte de pasajeros con más de 8 asientos excluyendo el asiento del conductor, y que no exceda el peso máximo de 5000 Kg.
B23: M3: vehículo para transporte de pasajeros con más de 8 asientos excluyendo el asiento del conductor, y que tenga un peso mayor a los 5000 Kg.

Sheet Cuadro 6
A1: AUTOMOTORES - Coberturas de Casco | N1: INDICE
A2: Cuadro 6: Vehículos Expuestos a Riesgo por Tipo de Vehículo. Participación por Tipo de Cobertura. Por año
A4: Tipo de Vehículo | B4: Año | L4: Var.
B5: 2015 | C5: 2016 | D5: 2017 | E5: 2018 | F5: 2019 | G5: 2020 | H5: 2021 | I5: 2022 | J5: 2023 | K5: 2024
A6: Total | B6: 11055593 | C6: 11382312 | D6: 12079792 | E6: 13062191 | F6: 13233632 | G6: 13205558 | H6: 13897229 | I6: 14526548 | J6: 15014323 | K6: 14889353 | L6: =+K6/J6-1 -> -0.0083233856
A7: Autos | B7: 7688976 | C7: 7830700 | D7: 8217233 | E7: 8848575 | F7: 8950333.5 | G7: 8881410.8 | H7: 9210164.6 | I7: 9545672 | J7: 9790984 | K7: 9652932 | L7: -0.014099911
A8: RC + Casco | B8: 0.82116871 | C8: 0.82531936 | D8: 0.82882325 | E8: 0.83067749 | F8: 0.83929243 | G8: 0.83516121 | H8: 0.82948761 | I8: 0.79822238 | J8: 0.79361859 | K8: 0.76639145
A9: RC | B9: 0.17883129 | C9: 0.17468064 | D9: 0.17117675 | E9: 0.16932251 | F9: 0.16070757 | G9: 0.16483879 | H9: 0.17051239 | I9: 0.20177762 | J9: 0.20638141 | K9: 0.23360855
A10: Camionetas | B10: 850913 | C10: 890324 | D10: 931253 | E10: 1008835 | F10: 1040350.6 | G10: 1043042.7 | H10: 1106938.9 | I10: 1182329 | J10: 1220647 | K10: 1272836 | L10: 0.042755195
A11: RC + Casco | B11: 0.60998059 | C11: 0.62476078 | D11: 0.64459662 | E11: 0.66528185 | F11: 0.67746718 | G11: 0.66521725 | H11: 0.66657538 | I11: 0.64836502 | J11: 0.64196229 | K11: 0.62822167
A12: RC | B12: 0.39001941 | C12: 0.37523922 | D12: 0.35540338 | E12: 0.33471815 | F12: 0.32253282 | G12: 0.33478275 | H12: 0.33342462 | I12: 0.35163498 | J12: 0.35803771 | K12: 0.37177833
A13: Camiones | B13: 399865 | C13: 398536 | D13: 421200 | E13: 436540 | F13: 438300.36 | G13: 433566.6 | H13: 436955.65 | I13: 469864 | J13: 489679 | K13: 496490 | L13: 0.013909112
A14: RC + Casco | B14: 0.47031654 | C14: 0.47263616 | D14: 0.47027382 | E14: 0.46621676 | F14: 0.46581961 | G14: 0.45817793 | H14: 0.45247335 | I14: 0.43979392 | J14: 0.44555247 | K14: 0.42329883
A15: RC | B15: 0.52968346 | C15: 0.52736384 | D15: 0.52972618 | E15: 0.53378324 | F15: 0.53418039 | G15: 0.54182207 | H15: 0.54752665 | I15: 0.56020608 | J15: 0.55444753 | K15: 0.57670117
A16: Taxis | B16: 79310 | C16: 78793 | D16: 73842 | E16: 90859 | F16: 86940 | G16: 72001 | H16: 69165 | I16: 64061 | J16: 54114 | K16: 54308 | L16: 0.0035850242
A17: RC + Casco | B17: 0.66360803 | C17: 0.68204038 | D17: 0.70022926 | E17: 0.67132926 | F17: 0.67357521 | G17: 0.68409414 | H17: 0.62875701 | I17: 0.53681051 | J17: 0.47538772 | K17: 0.4329821
A18: RC | B18: 0.33639197 | C18: 0.31795962 | D18: 0.29977074 | E18: 0.32867074 | F18: 0.32642479 | G18: 0.31590586 | H18: 0.37124299 | I18: 0.46318949 | J18: 0.52461228 | K18: 0.5670179
A19: Remises | B19: 70905 | C19: 71785 | D19: 66064 | E19: 59311 | F19: 53069 | G19: 42850.328 | H19: 46492 | I19: 38860 | J19: 53306 | K19: 34860 | L19: -0.34603985
A20: RC + Casco | B20: 0.65663381 | C20: 0.6952004 | D20: 0.73102659 | E20: 0.72504814 | F20: 0.73658144 | G20: 0.79719852 | H20: 0.77430708 | I20: 0.64961462 | J20: 0.67373711 | K20: 0.50438051
A21: RC | B21: 0.34336619 | C21: 0.3047996 | D21: 0.26897341 | E21: 0.27495186 | F21: 0.26341856 | G21: 0.20280148 | H21: 0.22569292 | I21: 0.35038538 | J21: 0.32626289 | K21: 0.49561949
A22: Motos | B22: 1213251 | C22: 1349973 | D22: 1566332 | E22: 1788926 | F22: 1810058.3 | G22: 1895407.8 | H22: 2127071.1 | I22: 2291781 | J22: 2451291 | K22: 2414097 | L22: -0.015173229
A23: RC + Casco | B23: 0.2608079 | C23: 0.29544844 | D23: 0.30716434 | E23: 0.33618551 | F23: 0.34127141 | G23: 0.34819503 | H23: 0.36514179 | I23: 0.40403382 | J23: 0.41392964 | K23: 0.40848088
A24: RC | B24: 0.7391921 | C24: 0.70455156 | D24: 0.69283566 | E24: 0.66381449 | F24: 0.65872859 | G24: 0.65180497 | H24: 0.63485821 | I24: 0.59596618 | J24: 0.58607036 | K24: 0.59151912
A25: Maq rurales | B25: 662565 | C25: 672002 | D25: 713889 | E25: 738285 | F25: 762678.85 | G25: 752060.01 | H25: 815391.4 | I25: 844992 | J25: 860286 | K25: 864165 | L25: 0.0045089656
A26: RC + Casco | B26: 0.17170621 | C26: 0.1655706 | D26: 0.16172332 | E26: 0.15640056 | F26: 0.14983634 | G26: 0.15184699 | H26: 0.14893083 | I26: 0.15226455 | J26: 0.17502625 | K26: 0.17945769
A27: RC | B27: 0.82829379 | C27: 0.8344294 | D27: 0.83827668 | E27: 0.84359944 | F27: 0.85016366 | G27: 0.84815301 | H27: 0.85106917 | I27: 0.84773545 | J27: 0.82497375 | K27: 0.82054231
A28: M1+M2+M3 | B28: 89808 | C28: 90199 | D28: 89979 | E28: 90860 | F28: 91304 | G28: 83730 | H28: 84885 | I28: 88989 | J28: 94016 | K28: 99665 | L28: 0.060085517
A29: RC + Casco | B29: 0.33391601 | C29: 0.33270903 | D29: 0.3336572 | E29: 0.34207628 | F29: 0.34949616 | G29: 0.42770429 | H29: 0.35631939 | I29: 0.35703309 | J29: 0.48797951 | K29: 0.46660724
A30: RC | B30: 0.66608399 | C30: 0.66729097 | D30: 0.6663428 | E30: 0.65792372 | F30: 0.65050384 | G30: 0.57229571 | H30: 0.64368061 | I30: 0.64296691 | J30: 0.51202049 | K30: 0.53339276
A32: Autos | B32: Autómoviles, camionetas rurales, breaks, jeeps hasta 4 cilindros, pick up A.
A33: Camionetas | B33: Jeeps más de 4 cilindros, pick up B, casas rodantes con propulsión propia.
A34: Camiones | B34: Camiones, semitracción.
A35: Máquinas Rurales | B35: Tractores, máquinas rurales, acoplados para trabajos rurales, acoplados, furgones, semirremolques, casas rodantes sin propulsión propia, trailer, bantam.
A36: M1+M2+M3 | B36: M1: vehículo para transporte de pasajeros, que no contenga más de 8 asientos además del asiento del conductor y que cargado no exceda de un peso máximo de 3500 Kg.
B37: M2: vehículo para transporte de pasajeros con más de 8 asientos excluyendo el asiento del conductor, y que no exceda el peso máximo de 5000 Kg.
B38: M3: vehículo para transporte de pasajeros con más de 8 asientos excluyendo el asiento del conductor, y que tenga un peso mayor a los 5000 Kg.

Sheet Cuadro 7
A1: AUTOMOTORES - Coberturas de Casco | N1: INDICE
A2: Cuadro 7: Frecuencia Siniestral de Casco por Tipo de Vehículo. Todos los Hechos Generadores de Casco. Por año
A4: Hecho Generador | B4: Año | L4: Var. (en p.p.)*
B5: 2015 | C5: 2016 | D5: 2017 | E5: 2018 | F5: 2019 | G5: 2020 | H5: 2021 | I5: 2022 | J5: 2023 | K5: 2024
A6: Total | B6: 0.20002863 | C6: 0.20478191 | D6: 0.21198613 | E6: 0.21731332 | F6: 0.2155837 | G6: 0.14772939 | H6: 0.19279779 | I6: 0.22003452 | J6: 0.22082221 | K6: 0.2155417 | L6: -0.53
A7: Autos | B7: 0.21926572 | C7: 0.22540472 | D7: 0.235422 | E7: 0.24262847 | F7: 0.23995762 | G7: 0.16247154 | H7: 0.21523336 | I7: 0.24785614 | J7: 0.24929556 | K7: 0.24270429 | L7: -0.66
A8: Camionetas | B8: 0.15851945 | C8: 0.17230347 | D8: 0.18299883 | E8: 0.18701364 | F8: 0.18695569 | G8: 0.14553433 | H8: 0.19280805 | I8: 0.22581835 | J8: 0.23441655 | K8: 0.23564225 | L8: 0.12
A9: Camiones | B9: 0.054736941 | C9: 0.057070801 | D9: 0.052398197 | E9: 0.059600358 | F9: 0.064045012 | G9: 0.064122619 | H9: 0.086697343 | I9: 0.098895038 | J9: 0.096467244 | K9: 0.089601608 | L9: -0.69
A10: Taxis | B10: 0.070947114 | C10: 0.077056185 | D10: 0.089544164 | E10: 0.11159692 | F10: 0.079097511 | G10: 0.05599379 | H10: 0.064753527 | I10: 0.085115371 | J10: 0.11296347 | K10: 0.10359613 | L10: -0.94
A11: Remises | B11: 0.077601097 | C11: 0.074441497 | D11: 0.087380478 | E11: 0.10508488 | F11: 0.10501504 | G11: 0.070930461 | H11: 0.077751976 | I11: 0.10644103 | J11: 0.066046243 | K11: 0.12142614 | L11: 5.54
A12: Motos | B12: 0.089743099 | C12: 0.082111601 | D12: 0.064031665 | E12: 0.060218387 | F12: 0.065730307 | G12: 0.048509665 | H12: 0.043022725 | I12: 0.053019739 | J12: 0.06335903 | K12: 0.064257376 | L12: 0.09
A13: Máquinas Rurales | B13: 0.018696185 | C13: 0.020069426 | D13: 0.017730235 | E13: 0.019693736 | F13: 0.020257793 | G13: 0.01979018 | H13: 0.023394862 | I13: 0.024537097 | J13: 0.02018295 | K13: 0.016204429 | L13: -0.4
A14: M1+M2+M3 | B14: 0.047551833 | C14: 0.053315523 | D14: 0.057390976 | E14: 0.05424527 | F14: 0.065934622 | G14: 0.036524396 | H14: 0.06642163 | I14: 0.091590027 | J14: 0.080191148 | K14: 0.082916867 | L14: 0.27
A16: * puntos porcentuales
A18: Autos | B18: Autómoviles, camionetas rurales, breaks, jeeps hasta 4 cilindros, pick up A.
A19: Camionetas | B19: Jeeps más de 4 cilindros, pick up B, casas rodantes con propulsión propia.
A20: Camiones | B20: Camiones, semitracción.
A21: Máquinas Rurales | B21: Tractores, máquinas rurales, acoplados para trabajos rurales, acoplados, furgones, semirremolques, casas rodantes sin propulsión propia, trailer, bantam.
A22: M1+M2+M3 | B22: M1: vehículo para transporte de pasajeros, que no contenga más de 8 asientos además del asiento del conductor y que cargado no exceda de un peso máximo de 3500 Kg.
B23: M2: vehículo para transporte de pasajeros con más de 8 asientos excluyendo el asiento del conductor, y que no exceda el peso máximo de 5000 Kg.
B24: M3: vehículo para transporte de pasajeros con más de 8 asientos excluyendo el asiento del conductor, y que tenga un peso mayor a los 5000 Kg.

Sheet Cuadro 8
A1: AUTOMOTORES - Coberturas de Casco | I1: INDICE
A2: Cuadro 8: Siniestros de Casco por Jurisdicción. Año 2024. Comparación con año 2023
A4: Jurisdicción | C4: 2024 | D4: Part.% | E4: 2023 | F4: Part.% | G4: Var. %
A5: Total | C5: 2077069 | D5: 1 | E5: 2218125 | F5: 1 | G5: -0.063592449
A6: C.A.B.A. | C6: 257259 | D6: 0.12385674 | E6: 264380 | F6: 0.11919076 | G6: -0.026934715
A7: A.M.B.A. | C7: 914794 | D7: 0.44042543 | E7: 962008 | F7: 0.43370324 | G7: -0.049078594
A8: Buenos Aires | C8: 963034 | D8: 0.46365046 | E8: 1022102 | F8: 0.46079549 | G8: -0.05779071
B9: Gran La Plata | C9: 68406 | D9: 0.032933908 | E9: 74692 | F9: 0.033673485 | G9: -0.084158946
B10: Noreste | C10: 98702 | D10: 0.047519846 | E10: 104406 | F10: 0.047069484 | G10: -0.054632876
B11: Noroeste | C11: 67433 | D11: 0.03246546 | E11: 73284 | F11: 0.033038715 | G11: -0.079840074
B12: Norte Centro | C12: 85167 | D12: 0.041003452 | E12: 90399 | F12: 0.040754691 | G12: -0.057876746
B13: Oeste | C13: 47248 | D13: 0.022747439 | E13: 49783 | F13: 0.022443731 | G13: -0.050920997
B14: Sur | C14: 34741 | D14: 0.016725973 | E14: 34664 | F14: 0.015627613 | G14: 0.0022213247
B15: Sureste | C15: 117348 | D15: 0.056496919 | E15: 123520 | F15: 0.055686672 | G15: -0.049967617
B16: Suroeste | C16: 138506 | D16: 0.066683389 | E16: 146884 | F16: 0.066219893 | G16: -0.057038207
B17: Bahía Blanca | C17: 21141 | D17: 0.010178285 | E17: 24013 | F17: 0.01082581 | G17: -0.11960188
B18: Gral Pueyrredón | C18: 68512 | D18: 0.032984942 | E18: 71137 | F18: 0.032070781 | G18: -0.036900628
B19: Resto Bs As | C19: 215830 | D19: 0.10391085 | E19: 229319 | F19: 0.10338416 | G19: -0.05882199
A20: Catamarca | C20: 4210 | D20: 0.0020268946 | E20: 4597 | F20: 0.0020724711 | G20: -0.084185338
A21: Chaco | C21: 17261 | D21: 0.008310268 | E21: 18462 | F21: 0.008323246 | G21: -0.06505254
A22: Chubut | C22: 40685 | D22: 0.019587698 | E22: 46276 | F22: 0.020862666 | G22: -0.12081857
A23: Córdoba | C23: 185149 | D23: 0.089139552 | E23: 211597 | F23: 0.095394534 | G23: -0.12499232
B24: Córdoba capital | C24: 93030 | D24: 0.044789075 | E24: 108847 | F24: 0.049071626 | G24: -0.14531406
A25: Corrientes | C25: 14894 | D25: 0.0071706814 | E25: 16632 | F25: 0.0074982249 | G25: -0.10449735
A26: Entre Ríos | C26: 45917 | D26: 0.022106632 | E26: 49299 | F26: 0.022225528 | G26: -0.068601797
A27: Formosa | C27: 4210 | D27: 0.0020268946 | E27: 5528 | F27: 0.002492195 | G27: -0.23842258
A28: Jujuy | C28: 7061 | D28: 0.0033995019 | E28: 7749 | F28: 0.0034934911 | G28: -0.08878565
A29: La Pampa | C29: 18811 | D29: 0.0090565118 | E29: 19257 | F29: 0.0086816568 | G29: -0.023160409
A30: La Rioja | C30: 2378 | D30: 0.0011448825 | E30: 2659 | F30: 0.0011987602 | G30: -0.10567883
A31: Mendoza | C31: 91633 | D31: 0.044116493 | E31: 87148 | F31: 0.039289039 | G31: 0.051464176
B32: Gran Mendoza | C32: 56643 | D32: 0.02727064 | E32: 54582 | F32: 0.02460727 | G32: 0.037759701
A33: Misiones | C33: 13281 | D33: 0.0063941063 | E33: 22512 | F33: 0.010149112 | G33: -0.41004797
A34: Neuquén | C34: 69713 | D34: 0.03356316 | E34: 72077 | F34: 0.032494562 | G34: -0.032798257
A35: Río Negro | C35: 29189 | D35: 0.014052976 | E35: 31552 | F35: 0.014224627 | G35: -0.074892241
A36: Salta | C36: 6131 | D36: 0.0029517556 | E36: 6314 | F36: 0.0028465483 | G36: -0.028983212
A37: San Juan | C37: 14647 | D37: 0.0070517638 | E37: 10826 | F37: 0.0048806988 | G37: 0.35294661
A38: San Luis | C38: 13354 | D38: 0.006429252 | E38: 15877 | F38: 0.0071578473 | G38: -0.15890911
A39: Santa Cruz | C39: 12309 | D39: 0.0059261392 | E39: 13341 | F39: 0.0060145393 | G39: -0.077355521
A40: Santa Fe | C40: 203082 | D40: 0.097773353 | E40: 217246 | F40: 0.097941279 | G40: -0.065197978
B41: Rosario | C41: 82704 | D41: 0.039817647 | E41: 86033 | F41: 0.038786362 | G41: -0.038694454
A42: Santiago del Estero | C42: 9392 | D42: 0.0045217564 | E42: 10045 | F42: 0.0045285996 | G42: -0.065007466
A43: Tierra del Fuego | C43: 13906 | D43: 0.0066950111 | E43: 15081 | F43: 0.0067989856 | G43: -0.077912605
A44: Tucumán | C44: 35574 | D44: 0.017127019 | E44: 42509 | F44: 0.019164384 | G44: -0.16314192
A45: País limítrofe | C45: 3989 | D45: 0.0019204947 | E45: 5059 | F45: 0.0022807551 | G45: -0.21150425
A47: Zona Gran La Plata, integrada por los partidos de Berisso, Ensenada y La Plata.
A48: Zona Sur, integrada por los partidos de Esteban Echeverría, Ezeiza, Presidente Perón y San Vicente.
A49: Zona Sureste, integrada por los partidos de Almirante Brown, Avellaneda, Berazategui, Florencio Varela y Quilmes.
A50: Zona Suroeste, integrada por los partidos de La Matanza, Lanús y Lomas de Zamora.
A51: Zona Noreste, integrada por los partidos de Escobar, San Fernando, San Isidro, Tigre y Vicente López.
A52: Zona Noroeste, integrada por los partidos de General Rodríguez, Merlo, Moreno y Pilar.
A53: Zona Norte Centro, integrada por los partidos de General San Martín, José C. Paz, Malvinas Argentinas, San Miguel y Tres de Febrero
A54: Zona Oeste, integrada por los partidos de Hurlingham, Ituzaingó, Morón.

Sheet Cuadro 9
A1: AUTOMOTORES - Coberturas de Casco | R1: INDICE
A2: Cuadro 9: Siniestros de Casco por Jurisdicción, Zona y Hecho Generador. Año 2024
A4: Jurisdicción | C4: Total | E4: Robo Total | G4: Robo Parcial | I4: Incendio Total | K4: Incendio Parcial | M4: Daño Total | O4: Daño Parcial
C5: Cant. | D5: Part. % | E5: Cant. | F5: Part. % | G5: Cant. | H5: Part. % | I5: Cant. | J5: Part. % | K5: Cant. | L5: Part. % | M5: Cant. | N5: Part. % | O5: Cant. | P5: Part. %
A6: Total | C6: 2077069 | D6: 1 | E6: 108775 | F6: 1 | G6: 367675 | H6: 1 | I6: 7663 | J6: 1 | K6: 4576 | L6: 1 | M6: 44923 | N6: 1 | O6: 1543457 | P6: 1
A7: C.A.B.A. | C7: 257259 | D7: 0.12385674 | E7: 13224 | F7: 0.12157205 | G7: 41708 | H7: 0.11343714 | I7: 810 | J7: 0.10570273 | K7: 583 | L7: 0.12740385 | M7: 5388 | N7: 0.11993856 | O7: 195546 | P7: 0.12669352
A8: A.M.B.A. | C8: 914794 | D8: 0.44042543 | E8: 76627 | F8: 0.70445415 | G8: 191209 | H8: 0.52004896 | I8: 3031 | J8: 0.395537 | K8: 1914 | L8: 0.41826923 | M8: 19243 | N8: 0.42835519 | O8: 622770 | P8: 0.40349035
A9: Buenos Aires | C9: 963034 | D9: 0.46365046 | E9: 71861 | F9: 0.66063893 | G9: 191581 | H9: 0.52106072 | I9: 4318 | J9: 0.56348689 | K9: 2165 | L9: 0.47312063 | M9: 20561 | N9: 0.45769428 | O9: 672548 | P9: 0.43574133
B10: Gran La Plata | C10: 68406 | D10: 0.032933908 | E10: 3735 | F10: 0.034336934 | G10: 10949 | H10: 0.029779017 | I10: 345 | J10: 0.045021532 | K10: 110 | L10: 0.024038462 | M10: 1573 | N10: 0.035015471 | O10: 51694 | P10: 0.033492349
B11: Noreste | C11: 98702 | D11: 0.047519846 | E11: 3029 | F11: 0.027846472 | G11: 12124 | H11: 0.032974774 | I11: 252 | J11: 0.032885293 | K11: 184 | L11: 0.04020979 | M11: 2185 | N11: 0.048638782 | O11: 80928 | P11: 0.052432948
B12: Noroeste | C12: 67433 | D12: 0.03246546 | E12: 7144 | F12: 0.065676856 | G12: 12496 | H12: 0.033986537 | I12: 312 | J12: 0.040715125 | K12: 140 | L12: 0.030594406 | M12: 1332 | N12: 0.029650736 | O12: 46009 | P12: 0.029809058
B13: Norte Centro | C13: 85167 | D13: 0.041003452 | E13: 11171 | F13: 0.10269823 | G13: 21824 | H13: 0.059356769 | I13: 263 | J13: 0.034320762 | K13: 186 | L13: 0.040646853 | M13: 1808 | N13: 0.040246644 | O13: 49915 | P13: 0.032339741
B14: Oeste | C14: 47248 | D14: 0.022747439 | E14: 5256 | F14: 0.048319926 | G14: 12355 | H14: 0.033603046 | I14: 107 | J14: 0.0139632 | K14: 100 | L14: 0.021853147 | M14: 898 | N14: 0.01998976 | O14: 28532 | P14: 0.018485776
B15: Sur | C15: 34741 | D15: 0.016725973 | E15: 3091 | F15: 0.028416456 | G15: 7642 | H15: 0.02078466 | I15: 175 | J15: 0.022837009 | K15: 84 | L15: 0.018356643 | M15: 709 | N15: 0.015782561 | O15: 23040 | P15: 0.01492753
B16: Sureste | C16: 117348 | D16: 0.056496919 | E16: 10073 | F16: 0.092603999 | G16: 29943 | H16: 0.081438771 | I16: 383 | J16: 0.049980425 | K16: 252 | L16: 0.05506993 | M16: 2484 | N16: 0.055294615 | O16: 74213 | P16: 0.048082324
B17: Suroeste | C17: 138506 | D17: 0.066683389 | E17: 19904 | F17: 0.18298322 | G17: 42168 | H17: 0.11468824 | I17: 384 | J17: 0.050110923 | K17: 277 | L17: 0.060533217 | M17: 2867 | N17: 0.063820315 | O17: 72906 | P17: 0.047235524
B18: Bahía Blanca | C18: 21141 | D18: 0.010178285 | E18: 248 | F18: 0.0022799356 | G18: 965 | H18: 0.0026246005 | I18: 101 | J18: 0.013180217 | K18: 63 | L18: 0.013767483 | M18: 464 | N18: 0.010328785 | O18: 19300 | P18: 0.012504398
B19: Gral Pueyrredón | C19: 68512 | D19: 0.032984942 | E19: 3980 | F19: 0.03658929 | G19: 15780 | H19: 0.042918338 | I19: 204 | J19: 0.026621428 | K19: 117 | L19: 0.025568182 | M19: 1381 | N19: 0.030741491 | O19: 47050 | P19: 0.030483518
B20: Resto Bs As | C20: 215830 | D20: 0.10391085 | E20: 4230 | F20: 0.038887612 | G20: 25335 | H20: 0.068905963 | I20: 1792 | J20: 0.23385097 | K20: 652 | L20: 0.14248252 | M20: 4860 | N20: 0.10818512 | O20: 178961 | P20: 0.11594816
A21: Catamarca | C21: 4210 | D21: 0.0020268946 | E21: 49 | F21: 0.00045047116 | G21: 1230 | H21: 0.0033453458 | I21: 9 | J21: 0.0011744747 | K21: 2 | L21: 0.00043706294 | M21: 143 | N21: 0.0031832246 | O21: 2777 | P21: 0.0017992079
A22: Chaco | C22: 17261 | D22: 0.008310268 | E22: 416 | F22: 0.0038244082 | G22: 3274 | H22: 0.0089046033 | I22: 33 | J22: 0.0043064074 | K22: 24 | L22: 0.0052447552 | M22: 457 | N22: 0.010172963 | O22: 13057 | P22: 0.0084595813
A23: Chubut | C23: 40685 | D23: 0.019587698 | E23: 261 | F23: 0.0023994484 | G23: 6333 | H23: 0.017224451 | I23: 112 | J23: 0.014615686 | K23: 72 | L23: 0.015734266 | M23: 902 | N23: 0.020078802 | O23: 33005 | P23: 0.021383816
A24: Córdoba | C24: 185149 | D24: 0.089139552 | E24: 8123 | F24: 0.074677086 | G24: 34687 | H24: 0.09434147 | I24: 531 | J24: 0.06929401 | K24: 422 | L24: 0.09222028 | M24: 4179 | N24: 0.093025844 | O24: 137207 | P24: 0.088895901
B25: Córdoba capital | C25: 93030 | D25: 0.044789075 | E25: 5680 | F25: 0.052217881 | G25: 22057 | H25: 0.059990481 | I25: 187 | J25: 0.024402975 | K25: 145 | L25: 0.031687063 | M25: 1897 | N25: 0.042227812 | O25: 63064 | P25: 0.040858929
A26: Corrientes | C26: 14894 | D26: 0.0071706814 | E26: 134 | F26: 0.0012319007 | G26: 1922 | H26: 0.0052274427 | I26: 52 | J26: 0.0067858541 | K26: 27 | L26: 0.0059003497 | M26: 650 | N26: 0.014469203 | O26: 12109 | P26: 0.0078453757
A27: Entre Ríos | C27: 45917 | D27: 0.022106632 | E27: 325 | F27: 0.0029878189 | G27: 2189 | H27: 0.0059536275 | I27: 223 | J27: 0.029100874 | K27: 128 | L27: 0.027972028 | M27: 1052 | N27: 0.023417848 | O27: 42000 | P27: 0.027211642
A28: Formosa | C28: 4210 | D28: 0.0020268946 | E28: 46 | F28: 0.00042289129 | G28: 377 | H28: 0.0010253621 | I28: 26 | J28: 0.0033929271 | K28: 10 | L28: 0.0021853147 | M28: 156 | N28: 0.0034726087 | O28: 3595 | P28: 0.002329187
A29: Jujuy | C29: 7061 | D29: 0.0033995019 | E29: 44 | F29: 0.00040450471 | G29: 1744 | H29: 0.0047433195 | I29: 8 | J29: 0.0010439776 | K29: 11 | L29: 0.0024038462 | M29: 204 | N29: 0.0045411037 | O29: 5050 | P29: 0.0032718761
A30: La Pampa | C30: 18811 | D30: 0.0090565118 | E30: 80 | F30: 0.00073546311 | G30: 1086 | H30: 0.0029536955 | I30: 84 | J30: 0.010961764 | K30: 50 | L30: 0.010926573 | M30: 418 | N30: 0.0093048105 | O30: 17093 | P30: 0.011074491
A31: La Rioja | C31: 2378 | D31: 0.0011448825 | E31: 24 | F31: 0.00022063893 | G31: 404 | H31: 0.0010987965 | I31: 8 | J31: 0.0010439776 | K31: 6 | L31: 0.0013111888 | M31: 90 | N31: 0.0020034281 | O31: 1846 | P31: 0.0011960165
A32: Mendoza | C32: 91633 | D32: 0.044116493 | E32: 4766 | F32: 0.043815215 | G32: 21023 | H32: 0.057178214 | I32: 183 | J32: 0.023880987 | K32: 169 | L32: 0.036931818 | M32: 1999 | N32: 0.044498364 | O32: 63493 | P32: 0.041136877
B33: Gran Mendoza | C33: 56643 | D33: 0.02727064 | E33: 3605 | F33: 0.033141806 | G33: 14724 | H33: 0.040046236 | I33: 82 | J33: 0.01070077 | K33: 85 | L33: 0.018575175 | M33: 1134 | N33: 0.025243194 | O33: 37013 | P33: 0.023980584
A34: Misiones | C34: 13281 | D34: 0.0063941063 | E34: 174 | F34: 0.0015996323 | G34: 687 | H34: 0.001868498 | I34: 49 | J34: 0.0063943625 | K34: 25 | L34: 0.0054632867 | M34: 468 | N34: 0.010417826 | O34: 11878 | P34: 0.0076957116
A35: Neuquén | C35: 69713 | D35: 0.03356316 | E35: 1094 | F35: 0.010057458 | G35: 9506 | H35: 0.025854355 | I35: 133 | J35: 0.017356127 | K35: 107 | L35: 0.023382867 | M35: 1406 | N35: 0.031297999 | O35: 57467 | P35: 0.037232654
A36: Río Negro | C36: 29189 | D36: 0.014052976 | E36: 412 | F36: 0.003787635 | G36: 3139 | H36: 0.0085374312 | I36: 84 | J36: 0.010961764 | K36: 51 | L36: 0.011145105 | M36: 568 | N36: 0.012643857 | O36: 24935 | P36: 0.016155293
A37: Salta | C37: 6131 | D37: 0.0029517556 | E37: 69 | F37: 0.00063433693 | G37: 1019 | H37: 0.0027714694 | I37: 10 | J37: 0.0013049719 | K37: 11 | L37: 0.0024038462 | M37: 213 | N37: 0.0047414465 | O37: 4809 | P37: 0.0031157331
A38: San Juan | C38: 14647 | D38: 0.0070517638 | E38: 96 | F38: 0.00088255573 | G38: 2203 | H38: 0.0059917046 | I38: 13 | J38: 0.0016964635 | K38: 53 | L38: 0.011582168 | M38: 303 | N38: 0.0067448746 | O38: 11979 | P38: 0.0077611492
A39: San Luis | C39: 13354 | D39: 0.006429252 | E39: 141 | F39: 0.0012962537 | G39: 1986 | H39: 0.0054015095 | I39: 51 | J39: 0.0066553569 | K39: 43 | L39: 0.0093968531 | M39: 337 | N39: 0.0075017252 | O39: 10796 | P39: 0.0069946879
A40: Santa Cruz | C40: 14647 | D40: 0.0070517638 | E40: 96 | F40: 0.00088255573 | G40: 2203 | H40: 0.0059917046 | I40: 13 | J40: 0.0016964635 | K40: 53 | L40: 0.011582168 | M40: 303 | N40: 0.0067448746 | O40: 11979 | P40: 0.0077611492
A41: Santa Fe | C41: 203082 | D41: 0.097773353 | E41: 6705 | F41: 0.061641002 | G41: 26918 | H41: 0.073211396 | I41: 767 | J41: 0.10009135 | K41: 451 | L41: 0.098557692 | M41: 3459 | N41: 0.07699842 | O41: 164782 | P41: 0.10676164
B42: Rosario | C42: 82704 | D42: 0.039817647 | E42: 3661 | F42: 0.033656631 | G42: 16385 | H42: 0.044563813 | I42: 194 | J42: 0.025316456 | K42: 184 | L42: 0.04020979 | M42: 993 | N42: 0.02210449 | O42: 61287 | P42: 0.039707617
A43: Santiago del Estero | C43: 9392 | D43: 0.0045217564 | E43: 77 | F43: 0.00070788325 | G43: 2069 | H43: 0.0056272523 | I43: 50 | J43: 0.0065248597 | K43: 37 | L43: 0.0080856643 | M43: 266 | N43: 0.005921243 | O43: 6893 | P43: 0.0044659488
A44: Tierra del Fuego | C44: 13906 | D44: 0.0066950111 | E44: 49 | F44: 0.00045047116 | G44: 222 | H44: 0.00060379411 | I44: 13 | J44: 0.0016964635 | K44: 14 | L44: 0.0030594406 | M44: 353 | N44: 0.0078578902 | O44: 13255 | P44: 0.0085878648
A45: Tucumán | C45: 35574 | D45: 0.0045217564 | E45: 510 | F45: 0.00070788325 | G45: 10963 | H45: 0.0056272523 | I45: 65 | J45: 0.0065248597 | K45: 55 | L45: 0.0080856643 | M45: 819 | N45: 0.005921243 | O45: 23162 | P45: 0.0044659488
A46: País limítrofe | C46: 3989 | D46: 0.0019204947 | E46: 62 | F46: 0.00056998391 | G46: 341 | H46: 0.00092744951 | I46: 10 | J46: 0.0013049719 | K46: 36 | L46: 0.0078671329 | M46: 199 | N46: 0.0044298021 | O46: 3341 | P46: 0.0021646214
A48: Zona Gran La Plata, integrada por los partidos de Berisso, Ensenada y La Plata.
A49: Zona Sur, integrada por los partidos de Esteban Echeverría, Ezeiza, Presidente Perón y San Vicente.
A50: Zona Sureste, integrada por los partidos de Almirante Brown, Avellaneda, Berazategui, Florencio Varela y Quilmes.
A51: Zona Suroeste, integrada por los partidos de La Matanza, Lanús y Lomas de Zamora.
A52: Zona Noreste, integrada por los partidos de Escobar, San Fernando, San Isidro, Tigre y Vicente López.
A53: Zona Noroeste, integrada por los partidos de General Rodríguez, Merlo, Moreno y Pilar.
A54: Zona Norte Centro, integrada por los partidos de General San Martín, José C. Paz, Malvinas Argentinas, San Miguel y Tres de Febrero
A55: Zona Oeste, integrada por los partidos de Hurlingham, Ituzaingó, Morón.

Sheet Cuadro 10
A1: AUTOMOTORES - Coberturas de Casco | R1: INDICE
A2: Cuadro 10: Frecuencia Siniestral de Casco por Hecho Generador. Principales Zonas. Año 2024. Comparación con año 2023
A4: Jurisdicción | C4: Total | E4: Robo Total | G4: Robo Parcial | I4: Incendio Total | K4: Incendio Parcial | M4: Daño Total | O4: Daño Parcial
C5: Frec. Sin. | D5: Var. (en p.p.)* | E5: Frec. Sin. | F5: Var. (en p.p.)* | G5: Frec. Sin. | H5: Var. (en p.p.)* | I5: Frec. Sin. | J5: Var. (en p.p.)* | K5: Frec. Sin. | L5: Var. (en p.p.)* | M5: Frec. Sin. | N5: Var. (en p.p.)* | O5: Frec. Sin. | P5: Var. (en p.p.)*
A6: Total | C6: 0.21554179 | D6: -0.53 | E6: 0.011287809 | F6: 0.09 | G6: 0.052046992 | H6: -0.43 | I6: 0.00079520552 | J6: 0.02 | K6: 0.00047486108 | L6: 0 | M6: 0.0046617536 | N6: 0.02 | O6: 0.55353547 | P6: -2.08
A7: C.A.B.A. | C7: 0.24796783 | D7: -0.5 | E7: 0.012746402 | F7: 0.05 | G7: 0.04782699 | H7: -0.57 | I7: 0.00078074602 | J7: 0.02 | K7: 0.00056194436 | L7: 0.01 | M7: 0.0051934068 | N7: 0.04 | O7: 0.48096312 | P7: -4.01
A8: A.M.B.A. | C8: 0.24014399 | D8: 0.64 | E8: 0.020115473 | F8: 0.23 | G8: 0.063663955 | H8: -0.33 | I8: 0.00079567252 | J8: 0.02 | K8: 0.00050244711 | L8: 0 | M8: 0.0050515098 | N8: 0.06 | O8: 0.49766726 | P8: -0.44
A9: Buenos Aires | C9: 0.22570477 | D9: 0.34 | E9: 0.01684195 | F9: 0.21 | G9: 0.059940361 | H9: -0.12 | I9: 0.0010120029 | J9: 0.03 | K9: 0.00050740766 | L9: 0 | M9: 0.0048188494 | N9: 0.04 | O9: 0.51929325 | P9: 0.2
B10: Gran La Plata | C10: 0.23968576 | D10: 1.41 | E10: 0.013086956 | F10: 0.2 | G10: 0.04828188 | H10: 0.54 | I10: 0.0012088353 | J10: 0.04 | K10: 0.00038542574 | L10: 0 | M10: 0.0055115882 | N10: 0.09 | O10: 0.42869209 | P10: 4.55
B11: Noreste | C11: 0.20158045 | D11: -0.5 | E11: 0.0061861682 | F11: -0.03 | G11: 0.030146912 | H11: -0.3 | I11: 0.00051466305 | J11: 0.01 | K11: 0.00037578572 | L11: 0 | M11: 0.0044624554 | N11: 0.02 | O11: 0.45833625 | P11: -5.84
B12: Noroeste | C12: 0.22222768 | D12: 0.7 | E12: 0.023543288 | F12: 0.46 | G12: 0.056003836 | H12: -0.39 | I12: 0.0010282063 | J12: 0.04 | K12: 0.00046137463 | L12: -0.02 | M12: 0.0043896501 | N12: 0.02 | O12: 0.56567744 | P12: -0.9
B13: Norte Centro | C13: 0.2247011 | D13: 0.89 | E13: 0.029473106 | F13: 0.34 | G13: 0.076000949 | H13: -0.04 | I13: 0.00069388835 | J13: 0.02 | K13: 0.00049073473 | L13: 0 | M13: 0.0047701526 | N13: 0.05 | O13: 0.48282491 | P13: -1.35
B14: Oeste | C14: 0.24955562 | D14: 1.63 | E14: 0.027761267 | F14: 0.55 | G14: 0.085260764 | H14: 0.1 | I14: 0.00056515517 | J14: 0.01 | K14: 0.0005281824 | L14: 0 | M14: 0.004743078 | N14: 0.07 | O14: 0.47985566 | P14: 1.72
B15: Sur | C15: 0.23438456 | D15: 2.38 | E15: 0.020853824 | F15: 0.21 | G15: 0.068329767 | H15: -0.48 | I15: 0.0011806597 | J15: 0.03 | K15: 0.00056671666 | L15: 0.01 | M15: 0.0047833584 | N15: 0.05 | O15: 0.58708376 | P15: 6.18
B16: Sureste | C16: 0.2556471 | D16: 1.82 | E16: 0.021944416 | F16: 0.3 | G16: 0.08822666 | H16: -0.33 | I16: 0.00083438014 | J16: 0.02 | K16: 0.00054899163 | L16: 0 | M16: 0.005411489 | N16: 0.1 | O16: 0.59274243 | P16: 7.06
B17: Suroeste | C17: 0.26748485 | D17: 1.29 | E17: 0.038438901 | F17: 0.62 | G17: 0.10648568 | H17: 0.02 | I17: 0.00074158651 | J17: 0.02 | K17: 0.00053494652 | L17: 0 | M17: 0.005536793 | N17: 0.11 | O17: 0.52439237 | P17: 1.5
B18: Bahía Blanca | C18: 0.18503085 | D18: -1.58 | E18: 0.0021705525 | F18: 0.03 | G18: 0.01170005 | H18: -0.13 | I18: 0.00088397501 | J18: 0.02 | K18: 0.00055139035 | L18: 0.01 | M18: 0.0040610337 | N18: -0.06 | O18: 0.588709 | P18: -1.64
B19: Gral Pueyrredón | C19: 0.33825275 | D19: -1.82 | E19: 0.019649783 | F19: 0.6 | G19: 0.092879016 | H19: -0.29 | I19: 0.0010071748 | J19: 0.02 | K19: 0.00057764438 | L19: -0.01 | M19: 0.0068181786 | N19: 0.07 | O19: 0.60361184 | P19: -6.11
B20: Resto Bs As | C20: 0.1832024 | D20: -0.66 | E20: 0.0035905396 | F20: 0.02 | G20: 0.031182838 | H20: 0.1 | I20: 0.0015210986 | J20: 0.05 | K20: 0.00055343542 | L20: 0 | M20: 0.0041253008 | N20: -0.03 | O20: 0.52700042 | P20: -0.93
B21: Córdoba capital | C21: 0.29435832 | D21: -4.78 | E21: 0.017972216 | F21: 0.1 | G21: 0.092881173 | H21: -3.34 | I21: 0.00059169091 | J21: 0.01 | K21: 0.00045879776 | L21: 0 | M21: 0.0060023404 | N21: 0 | O21: 0.80252688 | P21: -6.63
... B23: Rosario | C23: 0.34262872 | D23: 0.82 | E23: 0.015166906 | F23: -0.12 | G23: 0.098605918 | H23: -1.39 | I23: 0.00080370928 | J23: 0 | K23: 0.00076228097 | L23: 0.02 | M23: 0.0041138315 | N23: 0.02 | O23: 0.77099053 | P23: 8.94
A24: Resto del País | C24: 0.17405155 | D24: -4.44 | E24: 0.0029967581 | F24: -0.14 | G24: 0.033224686 | H24: -1.69 | I24: 0.00057847923 | J24: 0.01 | K24: 0.00038658796 | L24: -0.01 | M24: 0.0041382867 | N24: -0.08 | O24: 0.58337903 | P24: -14.37
A26: * puntos porcentuales
A28: Zona Gran La Plata, integrada por los partidos de Berisso, Ensenada y La Plata.
A29: Zona Sur, integrada por los partidos de Esteban Echeverría, Ezeiza, Presidente Perón y San Vicente.
A30: Zona Sureste, integrada por los partidos de Almirante Brown, Avellaneda, Berazategui, Florencio Varela y Quilmes.
A31: Zona Suroeste, integrada por los partidos de La Matanza, Lanús y Lomas de Zamora.
A32: Zona Noreste, integrada por los partidos de Escobar, San Fernando, San Isidro, Tigre y Vicente López.
A33: Zona Noroeste, integrada por los partidos de General Rodríguez, Merlo, Moreno y Pilar.
A34: Zona Norte Centro, integrada por los partidos de General San Martín, José C. Paz, Malvinas Argentinas, San Miguel y Tres de Febrero
A35: Zona Oeste, integrada por los partidos de Hurlingham, Ituzaingó, Morón.

Sheet Cuadro 11
A1: AUTOMOTORES - Coberturas de Casco | P1: INDICE
A2: Cuadro 11: Siniestros de Robo Total por Tipo de Vehículo. Por año
A4: Tipo de Vehículo | B4: Año | L4: Part. 2024 | M4: Var. | N4: Var.
M5: (24 / 23) | N5: (24 / 15)
B6: 2015 | C6: 2016 | D6: 2017 | E6: 2018 | F6: 2019 | G6: 2020 | H6: 2021 | I6: 2022 | J6: 2023 | K6: 2024 | L6: % | M6: % | N6: %
A7: Total | B7: 66872 | C7: 69988 | D7: 68320 | E7: 68736 | F7: 74237 | G7: 54257 | H7: 65867 | I7: 83572 | J7: 104051 | K7: 108775 | L7: 1 | M7: 0.045400813 | N7: 0.62661503
A8: Autos | B8: 45014 | C8: 44221 | D8: 42975 | E8: 39654 | F8: 41403 | G8: 29065 | H8: 37604 | I8: 42981 | J8: 51906 | K8: 57018 | L8: 0.52418295 | M8: 0.098485724 | N8: 0.26667259
A9: Camionetas | B9: 2506 | C9: 2532 | D9: 2421 | E9: 2309 | F9: 2593 | G9: 1913 | H9: 2393 | I9: 2636 | J9: 3040 | K9: 3343 | L9: 0.030733165 | M9: 0.099671053 | N9: 0.3339984
A10: Camiones | B10: 941 | C10: 865 | D10: 725 | E10: 543 | F10: 577 | G10: 645 | H10: 660 | I10: 536 | J10: 551 | K10: 508 | L10: 0.0046701908 | M10: -0.078039927 | N10: -0.46014878
A11: Taxis | B11: 233 | C11: 251 | D11: 246 | E11: 266 | F11: 296 | G11: 220 | H11: 246 | I11: 164 | J11: 166 | K11: 217 | L11: 0.0019949437 | M11: 0.30722892 | N11: -0.068669528
A12: Remises | B12: 708 | C12: 748 | D12: 802 | E12: 720 | F12: 699 | G12: 407 | H12: 497 | I12: 378 | J12: 365 | K12: 334 | L12: 0.0030705585 | M12: -0.084931507 | N12: -0.52824859
A13: Motos | B13: 17120 | C13: 21029 | D13: 20858 | E13: 24961 | F13: 28378 | G13: 21800 | H13: 24277 | I13: 36678 | J13: 47829 | K13: 47168 | L13: 0.43362905 | M13: -0.013820067 | N13: 1.7551402
A14: Máquinas Rurales | B14: 272 | C14: 253 | D14: 197 | E14: 187 | F14: 192 | G14: 157 | H14: 132 | I14: 122 | J14: 124 | K14: 117 | L14: 0.0010756148 | M14: -0.056451613 | N14: -0.56985294
A15: M1+M2+M3 | B15: 78 | C15: 89 | D15: 96 | E15: 96 | F15: 99 | G15: 50 | H15: 58 | I15: 77 | J15: 70 | K15: 70 | L15: 0.00064353022 | M15: 0 | N15: -0.1025641
A17: Autos | B17: Autómoviles, camionetas rurales, breaks, jeeps hasta 4 cilindros, pick up A.
A18: Camionetas | B18: Jeeps más de 4 cilindros, pick up B, casas rodantes con propulsión propia.
A19: Camiones | B19: Camiones, semitracción.
A20: Máquinas Rurales | B20: Tractores, máquinas rurales, acoplados para trabajos rurales, acoplados, furgones, semirremolques, casas rodantes sin propulsión propia, trailer, bantam.
A21: M1+M2+M3 | B21: M1: vehículo para transporte de pasajeros, que no contenga más de 8 asientos además del asiento del conductor y que cargado no exceda de un peso máximo de 3500 Kg.
B22: M2: vehículo para transporte de pasajeros con más de 8 asientos excluyendo el asiento del conductor, y que no exceda el peso máximo de 5000 Kg.
B23: M3: vehículo para transporte de pasajeros con más de 8 asientos excluyendo el asiento del conductor, y que tenga un peso mayor a los 5000 Kg.

Sheet Cuadro 12
A1: AUTOMOTORES - Coberturas de Casco | P1: INDICE
A2: Cuadro 12: Vehículos Expuestos a Riesgo con cobertura de Robo Total por Tipo de Vehículo. Por año
A4: Tipo de Vehículo | B4: Año | L4: Part. 2024 | M4: Var. | N4: Var.
M5: (24 / 23) | N5: (24 / 15)
B6: 2015 | C6: 2016 | D6: 2017 | E6: 2018 | F6: 2019 | G6: 2020 | H6: 2021 | I6: 2022 | J6: 2023 | K6: 2024 | L6: % | M6: % | N6: %
A7: Total | B7: 7580419.7 | C7: 7851196.5 | D7: 8335592.4 | E7: 9076953.8 | F7: 9282478.3 | G7: 9203307.4 | H7: 9583139 | I7: 9738817.2 | J7: 10044846 | K7: 9636506.3 | L7: 1 | M7: -0.04065164 | N7: 0.27123651
A8: Autos | B8: 6313946.5 | C8: 6462828.3 | D8: 6810633.7 | E8: 7350312.1 | F8: 7511947.2 | G8: 7417409.8 | H8: 7639717.4 | I8: 7619569.1 | J8: 7770306.9 | K8: 7397924.5 | L8: 0.76769778 | M8: -0.047923766 | N8: 0.17167995
A9: Camionetas | B9: 519040.42 | C9: 556239.51 | D9: 600282.54 | E9: 671159.61 | F9: 704803.38 | G9: 693850.01 | H9: 737858.18 | I9: 766580.76 | J9: 783609.34 | K9: 799623.16 | L9: 0.082978533 | M9: 0.020435975 | N9: 0.54057976
A10: Camiones | B10: 188063.12 | C10: 188362.52 | D10: 198079.33 | E10: 203522.27 | F10: 204168.91 | G10: 198650.65 | H10: 197710.79 | I10: 206643.33 | J10: 218177.69 | K10: 210163.64 | L10: 0.021809111 | M10: -0.036731751 | N10: 0.11751647
A11: Taxis | B11: 52630.753 | C11: 53740.008 | D11: 51706.329 | E11: 60996.305 | F11: 58560.629 | G11: 49255.462 | H11: 43487.978 | I11: 34388.618 | J11: 25725.131 | K11: 23514.392 | L11: 0.0024401366 | M11: -0.085936956 | N11: -0.55321954
A12: Remises | B12: 46558.62 | C12: 49904.961 | D12: 48294.54 | E12: 43003.33 | F12: 39089.641 | G12: 34160.218 | H12: 35999.085 | I12: 25244.024 | J12: 35914.231 | K12: 17582.704 | L12: 0.0018245933 | M12: -0.51042514 | N12: -0.6223534
A13: Motos | B13: 316425.44 | C13: 398847.42 | D13: 481121.33 | E13: 601411 | F13: 617721.14 | G13: 659971.58 | H13: 776682.56 | I13: 925957.03 | J13: 1014662 | K13: 986112.47 | L13: 0.10233091 | M13: -0.028136991 | N13: 2.1164133
A14: Máquinas Rurales | B14: 113766.52 | C14: 111263.77 | D14: 115452.5 | E14: 115468.19 | F14: 114277.01 | G14: 114198.05 | H14: 121436.92 | I14: 128662.33 | J14: 150572.63 | K14: 155081.06 | L14: 0.016093079 | M14: 0.029941839 | N14: 0.36315192
A15: M1+M2+M3 | B15: 29988.329 | C15: 30010.021 | D15: 30022.141 | E15: 31081.051 | F15: 31910.397 | G15: 35811.681 | H15: 30246.171 | I15: 31772.018 | J15: 45877.882 | K15: 46504.41 | L15: 0.0048258579 | M15: 0.01365644 | N15: 0.5507503
A17: Autos | B17: Autómoviles, camionetas rurales, breaks, jeeps hasta 4 cilindros, pick up A.
A18: Camionetas | B18: Jeeps más de 4 cilindros, pick up B, casas rodantes con propulsión propia.
A19: Camiones | B19: Camiones, semitracción.
A20: Máquinas Rurales | B20: Tractores, máquinas rurales, acoplados para trabajos rurales, acoplados, furgones, semirremolques, casas rodantes sin propulsión propia, trailer, bantam.
A21: M1+M2+M3 | B21: M1: vehículo para transporte de pasajeros, que no contenga más de 8 asientos además del asiento del conductor y que cargado no exceda de un peso máximo de 3500 Kg.
B22: M2: vehículo para transporte de pasajeros con más de 8 asientos excluyendo el asiento del conductor, y que no exceda el peso máximo de 5000 Kg.
B23: M3: vehículo para transporte de pasajeros con más de 8 asientos excluyendo el asiento del conductor, y que tenga un peso mayor a los 5000 Kg.

Sheet Cuadro 13
A1: AUTOMOTORES - Coberturas de Casco | N1: INDICE
A2: Cuadro 13: Frecuencia Siniestral de Robo Total por Tipo de Vehículo. Por año
A4: Tipo de Vehículo | B4: Año | L4: Var. (en p.p.)*
B5: 2015 | C5: 2016 | D5: 2017 | E5: 2018 | F5: 2019 | G5: 2020 | H5: 2021 | I5: 2022 | J5: 2023 | K5: 2024
A6: Total | B6: 0.0088216751 | C6: 0.0089143101 | D6: 0.0081961781 | E6: 0.0075725845 | F6: 0.0079975409 | G6: 0.0058953806 | H6: 0.0068732176 | I6: 0.0085813296 | J6: 0.010358646 | K6: 0.011287805 | L6: 0.09
A7: Autos | B7: 0.007129297 | C7: 0.0068423603 | D7: 0.0063099855 | E7: 0.005394873 | F7: 0.0055116202 | G7: 0.0039184838 | H7: 0.0049221716 | I7: 0.0056408702 | J7: 0.0066800451 | K7: 0.0077072968 | L7: 0.1
A8: Camionetas | B8: 0.0048281404 | C8: 0.0045519959 | D8: 0.0040331008 | E8: 0.0034403143 | F8: 0.0036790403 | G8: 0.00275708 | H8: 0.0032431706 | I8: 0.0034386462 | J8: 0.0038794841 | K8: 0.0041807193 | L8: 0.03
A9: Camiones | B9: 0.0050036391 | C9: 0.0045922086 | D9: 0.0036601496 | E9: 0.0026680127 | F9: 0.0028260915 | G9: 0.0032469061 | H9: 0.0033382093 | I9: 0.0025938413 | J9: 0.0025254645 | K9: 0.0024171641 | L9: -0.01
A10: Taxis | B10: 0.0044270695 | C10: 0.0046706357 | D10: 0.0047576381 | E10: 0.0043609199 | F10: 0.0050545905 | G10: 0.0044665097 | H10: 0.0056567357 | I10: 0.0047690197 | J10: 0.0064528339 | K10: 0.0092283909 | L10: 0.27
A11: Remises | B11: 0.015206636 | C11: 0.01498849 | D11: 0.016606432 | E11: 0.016742889 | F11: 0.017881976 | G11: 0.011914444 | H11: 0.013805906 | I11: 0.014973841 | J11: 0.010163102 | K11: 0.01899594 | L11: 0.88
A12: Motos | B12: 0.054104372 | C12: 0.052724423 | D12: 0.043352889 | E12: 0.041504063 | F12: 0.045939823 | G12: 0.033031725 | H12: 0.0312573 | I12: 0.039610909 | J12: 0.047137864 | K12: 0.047832272 | L12: 0.07
A13: Máquinas Rurales | B13: 0.0023908615 | C13: 0.0022738758 | D13: 0.0017063294 | E13: 0.0016194937 | F13: 0.001680128 | G13: 0.0013748045 | H13: 0.0010869841 | I13: 0.00094821852 | J13: 0.00082352282 | K13: 0.00075444418 | L13: 0
A14: M1+M2+M3 | B14: 0.0026010119 | C14: 0.002965676 | D14: 0.00319764 | E14: 0.0030886987 | F14: 0.0031024371 | G14: 0.0013961925 | H14: 0.0019175981 | I14: 0.0024235162 | J14: 0.0015257897 | K14: 0.0015052336 | L14: 0
A16: * puntos porcentuales
A18: Autos | B18: Autómoviles, camionetas rurales, breaks, jeeps hasta 4 cilindros, pick up A.
A19: Camionetas | B19: Jeeps más de 4 cilindros, pick up B, casas rodantes con propulsión propia.
A20: Camiones | B20: Camiones, semitracción.
A21: Máquinas Rurales | B21: Tractores, máquinas rurales, acoplados para trabajos rurales, acoplados, furgones, semirremolques, casas rodantes sin propulsión propia, trailer, bantam.
A22: M1+M2+M3 | B22: M1: vehículo para transporte de pasajeros, que no contenga más de 8 asientos además del asiento del conductor y que cargado no exceda de un peso máximo de 3500 Kg.
B23: M2: vehículo para transporte de pasajeros con más de 8 asientos excluyendo el asiento del conductor, y que no exceda el peso máximo de 5000 Kg.
B24: M3: vehículo para transporte de pasajeros con más de 8 asientos excluyendo el asiento del conductor, y que tenga un peso mayor a los 5000 Kg.

Sheet Cuadro 14
A1: AUTOMOTORES - Coberturas de Casco | J1: INDICE
A2: Cuadro 14: Siniestros de Robo Total por Mes de ocurrencia
A4: Mes | B4: 2024 | C4: prom. Diario | D4: Part. % | E4: 2023 | F4: prom. Diario | G4: Part. % | H4: Var.
H5: (24 / 23)
H6: %
A7: Total | B7: 108775 | C7: 298.0137 | D7: 1 | E7: 104051 | F7: 285.07123 | G7: 1 | H7: 0.045400813
A8: Enero | B8: 9981 | C8: 321.96774 | D8: 0.091758217 | E8: 8584 | F8: 276.90323 | G8: 0.082498006 | H8: 0.16274464
A9: Febrero | B9: 10108 | C9: 361 | D9: 0.092925764 | E9: 8279 | F9: 295.67857 | G9: 0.079566751 | H9: 0.2209204
A10: Marzo | B10: 10313 | C10: 332.67742 | D10: 0.094810388 | E10: 10138 | F10: 327.03226 | G10: 0.09743299 | H10: 0.017261787
A11: Abril | B11: 9738 | C11: 324.6 | D11: 0.089524247 | E11: 8903 | F11: 296.76667 | G11: 0.08556381 | H11: 0.093788611
A12: Mayo | B12: 9933 | C12: 320.41935 | D12: 0.091316939 | E12: 8419 | F12: 271.58065 | G12: 0.080912245 | H12: 0.17983133
A13: Junio | B13: 8622 | C13: 287.4 | D13: 0.079264537 | E13: 8232 | F13: 274.4 | G13: 0.079115049 | H13: 0.047376093
A14: Julio | B14: 8864 | C14: 285.93548 | D14: 0.081489313 | E14: 8538 | F14: 275.41935 | G14: 0.082055915 | H14: 0.038182244
A15: Agosto | B15: 8423 | C15: 271.70968 | D15: 0.077435072 | E15: 8605 | F15: 277.58065 | G15: 0.08269983 | H15: -0.021150494
A16: Septiembre | B16: 8274 | C16: 275.8 | D16: 0.076065272 | E16: 8097 | F16: 269.9 | G16: 0.077817609 | H16: 0.021859948
A17: Octubre | B17: 8362 | C17: 269.74194 | D17: 0.076874282 | E17: 8195 | F17: 264.35484 | G17: 0.078759454 | H17: 0.020378279
A18: Noviembre | B18: 8232 | C18: 274.4 | D18: 0.075679154 | E18: 8486 | F18: 282.86667 | G18: 0.08155616 | H18: -0.029931652
A19: Diciembre | B19: 7925 | C19: 255.64516 | D19: 0.072856815 | E19: 9575 | F19: 308.87097 | G19: 0.092022181 | H19: -0.17232376

Sheet Cuadro 15
A1: AUTOMOTORES - Coberturas de Casco | L1: INDICE
A2: Cuadro 15: Siniestros de Robo Total por Tipo de Vehículo y Mes de ocurrencia. Año 2024
B4: Total | C4: Autos | D4: Camionetas | E4: Camiones | F4: Taxis | G4: Remises | H4: Motos | I4: Máq Rurales | J4: M1+M2+M3
A5: Mes | B5: 108775 | C5: 57018 | D5: 3343 | E5: 508 | F5: 217 | G5: 334 | H5: 47168 | I5: 117 | J5: 70
A6: Enero | B6: 9981 | C6: 4897 | D6: 272 | E6: 35 | F6: 13 | G6: 38 | H6: 4717 | I6: 3 | J6: 6
A7: Febrero | B7: 10108 | C7: 5144 | D7: 258 | E7: 34 | F7: 18 | G7: 24 | H7: 4615 | I7: 10 | J7: 5
A8: Marzo | B8: 10313 | C8: 5570 | D8: 332 | E8: 41 | F8: 15 | G8: 29 | H8: 4304 | I8: 14 | J8: 8
A9: Abril | B9: 9738 | C9: 5512 | D9: 291 | E9: 39 | F9: 21 | G9: 38 | H9: 3829 | I9: 5 | J9: 3
A10: Mayo | B10: 9933 | C10: 5355 | D10: 304 | E10: 43 | F10: 20 | G10: 36 | H10: 4154 | I10: 15 | J10: 6
A11: Junio | B11: 8622 | C11: 4543 | D11: 287 | E11: 37 | F11: 33 | G11: 36 | H11: 3677 | I11: 8 | J11: 1
A12: Julio | B12: 8864 | C12: 4593 | D12: 266 | E12: 41 | F12: 20 | G12: 31 | H12: 3896 | I12: 8 | J12: 9
A13: Agosto | B13: 8423 | C13: 4522 | D13: 284 | E13: 49 | F13: 23 | G13: 24 | H13: 3498 | I13: 14 | J13: 9
A14: Septiembre | B14: 8274 | C14: 4258 | D14: 276 | E14: 53 | F14: 14 | G14: 20 | H14: 3639 | I14: 6 | J14: 8
A15: Octubre | B15: 8362 | C15: 4271 | D15: 256 | E15: 59 | F15: 18 | G15: 24 | H15: 3714 | I15: 15 | J15: 5
A16: Noviembre | B16: 8232 | C16: 4287 | D16: 260 | E16: 46 | F16: 8 | G16: 17 | H16: 3597 | I16: 15 | J16: 2
A17: Diciembre | B17: 7925 | C17: 4066 | D17: 257 | E17: 31 | F17: 14 | G17: 17 | H17: 3528 | I17: 4 | J17: 8
A19: Autos | B19: Autómoviles, camionetas rurales, breaks, jeeps hasta 4 cilindros, pick up A.
A20: Camionetas | B20: Jeeps más de 4 cilindros, pick up B, casas rodantes con propulsión propia.
A21: Camiones | B21: Camiones, semitracción.
A22: Máquinas Rurales | B22: Tractores, máquinas rurales, acoplados para trabajos rurales, acoplados, furgones, semirremolques, casas rodantes sin propulsión propia, trailer, bantam.
A23: M1+M2+M3 | B23: M1: vehículo para transporte de pasajeros, que no contenga más de 8 asientos además del asiento del conductor y que cargado no exceda de un peso máximo de 3500 Kg.
B24: M2: vehículo para transporte de pasajeros con más de 8 asientos excluyendo el asiento del conductor, y que no exceda el peso máximo de 5000 Kg.
B25: M3: vehículo para transporte de pasajeros con más de 8 asientos excluyendo el asiento del conductor, y que tenga un peso mayor a los 5000 Kg.

Sheet Cuadro 16
A1: AUTOMOTORES - Coberturas de Casco | H1: INDICE
A2: Cuadro 16: Siniestros de Robo Total por Jurisdicción. Año 2024
A4: Jurisdicción | C4: Cantidad de Siniestros de Robo Total | D4: Part. % | E4: Frecuencia Siniestral | F4: Var. (en p.p.)*
A5: Total | C5: 108775 | D5: 1 | E5: 0.011287809 | F5: 0.09
A6: C.A.B.A. | C6: 13224 | D6: 0.12157205 | E6: 0.012746402 | F6: 0.05
A7: A.M.B.A. | C7: 76627 | D7: 0.70445415 | E7: 0.020115473 | F7: 0.17
A8: Buenos Aires | C8: 71861 | D8: 0.66063893 | E8: 0.01684195 | F8: 0.21
B9: Gran La Plata | C9: 3735 | D9: 0.034336934 | E9: 0.013086956 | F9: 0.03
B10: Noreste | C10: 3029 | D10: 0.027846472 | E10: 0.0061861682 | F10: -0.05
B11: Noroeste | C11: 7144 | D11: 0.065676856 | E11: 0.023543288 | F11: 0.4
B12: Norte Centro | C12: 11171 | D12: 0.10269823 | E12: 0.029473106 | F12: 0.25
B13: Oeste | C13: 5256 | D13: 0.048319926 | E13: 0.027761267 | F13: 0.41
B14: Sur | C14: 3091 | D14: 0.028416456 | E14: 0.020853824 | F14: 0.16
B15: Sureste | C15: 10073 | D15: 0.092603999 | E15: 0.021944416 | F15: 0.19
B16: Suroeste | C16: 19904 | D16: 0.18298322 | E16: 0.038438901 | F16: 0.53
B17: Bahía Blanca | C17: 248 | D17: 0.0022799356 | E17: 0.0021705525 | F17: 0.02
B18: Gral Pueyrredón | C18: 3980 | D18: 0.03658929 | E18: 0.019649783 | F18: 0.68
B19: Resto Bs As | C19: 4230 | D19: 0.038887612 | E19: 0.0035905396 | F19: -0.01
A20: Catamarca | C20: 49 | D20: 0.00045047116 | E20: 0.0012038702 | F20: 0.02
A21: Chaco | C21: 416 | D21: 0.0038244082 | E21: 0.0034991982 | F21: -0.02
A22: Chubut | C22: 261 | D22: 0.0023994484 | E22: 0.0017189395 | F22: -0.06
A23: Córdoba | C23: 8123 | D23: 0.074677086 | E23: 0.0085142424 | F23: 0.07
B24: Córdoba capital | C24: 5680 | D24: 0.052217881 | E24: 0.017972216 | F24: 0.08
A25: Corrientes | C25: 134 | D25: 0.0012319007 | E25: 0.0013011557 | F25: 0.02
A26: Entre Ríos | C26: 325 | D26: 0.0029878189 | E26: 0.0012137884 | F26: 0
A27: Formosa | C27: 46 | D27: 0.00042289129 | E27: 0.0011623853 | F27: 0.02
A28: Jujuy | C28: 44 | D28: 0.00040450471 | E28: 0.00090634978 | F28: -0.03
A29: La Pampa | C29: 80 | D29: 0.00073546311 | E29: 0.00079588026 | F29: 0
A30: La Rioja | C30: 24 | D30: 0.00022063893 | E30: 0.00082884678 | F30: 0
A31: Mendoza | C31: 4766 | D31: 0.043815215 | E31: 0.01101319 | F31: 0.15
B32: Gran Mendoza | C32: 3605 | D32: 0.033141806 | E32: 0.017141836 | F32: 0.29
A33: Misiones | C33: 174 | D33: 0.0015996323 | E33: 0.0012170723 | F33: -0.02
A34: Neuquén | C34: 1094 | D34: 0.010057458 | E34: 0.0057524049 | F34: 0.47
A35: Río Negro | C35: 412 | D35: 0.003787635 | E35: 0.0019502983 | F35: -0.01
A36: Salta | C36: 69 | D36: 0.00063433693 | E36: 0.0006160677 | F36: -0.02
A37: San Juan | C37: 96 | D37: 0.00088255573 | E37: 0.0012680532 | F37: 0.01
A38: San Luis | C38: 141 | D38: 0.0012962537 | E38: 0.0018202399 | F38: -0.01
A39: Santa Cruz | C39: 33 | D39: 0.00030337853 | E39: 0.00051395792 | F39: -0.01
A40: Santa Fe | C40: 6705 | D40: 0.061641002 | E40: 0.0075974314 | F40: -0.04
B41: Rosario | C41: 3661 | D41: 0.033656631 | E41: 0.015166906 | F41: 0
A42: Santiago del Estero | C42: 77 | D42: 0.00070788325 | E42: 0.0010549112 | F42: -0.01
A43: Tierra del Fuego | C43: 49 | D43: 0.00045047116 | E43: 0.0009238905 | F43: -0.01
A44: Tucumán | C44: 510 | D44: 0.0046885773 | E44: 0.0031221914 | F44: -0.1
A45: País limítrofe | C45: 62 | D45: 0.00056998391 | E45: - | F45: -
A47: * puntos porcentuales
A49: Area Metropolitana Buenos Aires (A.M.B.A.) | C49: C.A.B.A.
C50: Zona Gran La Plata, integrada por los partidos de Berisso, Ensenada y La Plata.
C51: Zona Sur, integrada por los partidos de Esteban Echeverría, Ezeiza, Presidente Perón y San Vicente.
C52: Zona Sureste, integrada por los partidos de Almirante Brown, Avellaneda, Berazategui, Florencio Varela y Quilmes.
C53: Zona Suroeste, integrada por los partidos de La Matanza, Lanús y Lomas de Zamora.
C54: Zona Noreste, integrada por los partidos de Escobar, San Fernando, San Isidro, Tigre y Vicente López.
C55: Zona Noroeste, integrada por los partidos de General Rodríguez, Merlo, Moreno y Pilar.
C56: Zona Norte Centro, integrada por los partidos de General San Martín, José C. Paz, Malvinas Argentinas, San Miguel y Tres de Febrero
C57: Zona Oeste, integrada por los partidos de Hurlingham, Ituzaingó, Morón.

Sheet Cuadro 17
A1: AUTOMOTORES - Coberturas de Casco | Q1: INDICE
A2: Cuadro 17: Siniestros de Robo Total por Jurisdicción. Por año
A4: Jurisdicción | C4: Año | M4: Part. 2024 | N4: Var. | O4: Var.
N5: (24 / 23) | O5: (24 / 15)
C6: 2015 | D6: 2016 | E6: 2017 | F6: 2018 | G6: 2019 | H6: 2020 | I6: 2021 | J6: 2022 | K6: 2023 | L6: 2024 | M6: % | N6: % | O6: %
A7: Total | C7: 66872 | D7: 69988 | E7: 68320 | F7: 68736 | G7: 74237 | H7: 54257 | I7: 65867 | J7: 83572 | K7: 104051 | L7: 108775 | M7: 1 | N7: 0.045400813 | O7: 0.62661503
A8: C.A.B.A. | C8: 8927 | D8: 10131 | E8: 10255 | F8: 10155 | G8: 9009 | H8: 5713 | I8: 7765 | J8: 10831 | K8: 12781 | L8: 13224 | M8: 0.12157205 | N8: 0.034660825 | O8: 0.48134872
A9: A.M.B.A. | C9: 48369 | D9: 50603 | E9: 51067 | F9: 51012 | G9: 53967 | H9: 38200 | I9: 47482 | J9: 60083 | K9: 73333 | L9: 76627 | M9: 0.70445415 | N9: 0.044918386 | O9: 0.58421716
A10: Buenos Aires | C10: 43794 | D10: 44330 | E10: 44707 | F10: 45011 | G10: 49665 | H10: 36144 | I10: 43964 | J10: 54493 | K10: 67650 | L10: 71861 | M10: 0.66063893 | N10: 0.062246859 | O10: 0.64088688
B11: Gran La Plata | C11: 1772 | D11: 1867 | E11: 1923 | F11: 1925 | G11: 2446 | H11: 1831 | I11: 2145 | J11: 2968 | K11: 3683 | L11: 3735 | M11: 0.034336934 | N11: 0.014118925 | O11: 1.1077878
B12: Noreste | C12: 3314 | D12: 3362 | E12: 3741 | F12: 3076 | G12: 3322 | H12: 2021 | I12: 2341 | J12: 3015 | K12: 3277 | L12: 3029 | M12: 0.027846472 | N12: -0.075678975 | O12: -0.085998793
B13: Noroeste | C13: 3844 | D13: 4426 | E13: 4073 | F13: 4304 | G13: 4709 | H13: 3390 | I13: 4201 | J13: 4785 | K13: 6446 | L13: 7144 | M13: 0.065676856 | N13: 0.10828421 | O13: 0.85848075
B14: Norte Centro | C14: 7583 | D14: 7231 | E14: 7261 | F14: 7012 | G14: 7288 | H14: 5378 | I14: 6537 | J14: 8671 | K14: 10914 | L14: 11171 | M14: 0.10269823 | N14: 0.023547737 | O14: 0.47316366
B15: Oeste | C15: 3325 | D15: 3612 | E15: 3252 | F15: 3292 | G15: 3276 | H15: 2383 | I15: 2816 | J15: 3902 | K15: 4758 | L15: 5256 | M15: 0.048319926 | N15: 0.10466583 | O15: 0.58075188
B16: Sur | C16: 1647 | D16: 1890 | E16: 1871 | F16: 1904 | G16: 2356 | H16: 1544 | I16: 1778 | J16: 2625 | K16: 3089 | L16: 3091 | M16: 0.028416456 | N16: 0.00064745872 | O16: 0.8767456
B17: Sureste | C17: 6683 | D17: 6619 | E17: 7352 | F17: 7287 | G17: 8018 | H17: 5769 | I17: 7125 | J17: 8282 | K17: 9829 | L17: 10073 | M17: 0.092603999 | N17: 0.024824499 | O17: 0.50725722
B18: Suroeste | C18: 11274 | D18: 11466 | E18: 11339 | F18: 12057 | G18: 13544 | H18: 10171 | I18: 12774 | J18: 15005 | K18: 18556 | L18: 19904 | M18: 0.18298322 | N18: 0.072644967 | O18: 0.76547809
B19: Bahía Blanca | C19: 119 | D19: 115 | E19: 122 | F19: 91 | G19: 138 | H19: 91 | I19: 148 | J19: 183 | K19: 233 | L19: 248 | M19: 0.0022799356 | N19: 0.064377682 | O19: 1.0840336
B20: Gral Pueyrredón | C20: 1926 | D20: 1365 | E20: 1468 | F20: 1690 | G20: 2116 | H20: 1609 | I20: 1690 | J20: 1910 | K20: 2716 | L20: 3980 | M20: 0.03658929 | N20: 0.46539028 | O20: 1.066459
B21: Resto Bs As | C21: 2307 | D21: 2377 | E21: 2305 | F21: 2373 | G21: 2452 | H21: 1957 | I21: 2409 | J21: 3147 | K21: 4149 | L21: 4230 | M21: 0.038887612 | N21: 0.019522777 | O21: 0.83355007
A22: Catamarca | C22: 92 | D22: 78 | E22: 51 | F22: 51 | G22: 33 | H22: 17 | I22: 27 | J22: 34 | K22: 38 | L22: 49 | M22: 0.00045047116 | N22: 0.28947368 | O22: -0.4673913
A23: Chaco | C23: 284 | D23: 299 | E23: 250 | F23: 391 | G23: 317 | H23: 256 | I23: 239 | J23: 309 | K23: 486 | L23: 416 | M23: 0.0038244082 | N23: -0.14403292 | O23: 0.46478873
A24: Chubut | C24: 200 | D24: 164 | E24: 186 | F24: 184 | G24: 183 | H24: 153 | I24: 206 | J24: 236 | K24: 327 | L24: 261 | M24: 0.0023994484 | N24: -0.20183486 | O24: 0.305
A25: Córdoba | C25: 4598 | D25: 5307 | E25: 4597 | F25: 4251 | G25: 4741 | H25: 3763 | I25: 4314 | J25: 5857 | K25: 7598 | L25: 8123 | M25: 0.074677086 | N25: 0.069097131 | O25: 0.76663767
B26: Córdoba capital | C26: 3982 | D26: 4490 | E26: 3853 | F26: 3569 | G26: 3960 | H26: 2777 | I26: 2987 | J26: 4141 | K26: 5421 | L26: 5680 | M26: 0.052217881 | N26: 0.047777163 | O26: 0.42641888
A27: Corrientes | C27: 80 | D27: 97 | E27: 76 | F27: 104 | G27: 93 | H27: 85 | I27: 67 | J27: 88 | K27: 121 | L27: 134 | M27: 0.0012319007 | N27: 0.10743802 | O27: 0.675
A28: Entre Ríos | C28: 235 | D28: 179 | E28: 187 | F28: 210 | G28: 215 | H28: 170 | I28: 188 | J28: 247 | K28: 324 | L28: 325 | M28: 0.0029878189 | N28: 0.0030864198 | O28: 0.38297872
A29: Formosa | C29: 42 | D29: 40 | E29: 55 | F29: 40 | G29: 68 | H29: 42 | I29: 53 | J29: 61 | K29: 44 | L29: 46 | M29: 0.00042289129 | N29: 0.045454545 | O29: 0.095238095
A30: Jujuy | C30: 52 | D30: 62 | E30: 63 | F30: 79 | G30: 60 | H30: 52 | I30: 126 | J30: 50 | K30: 54 | L30: 44 | M30: 0.00040450471 | N30: -0.18518519 | O30: -0.15384615
A31: La Pampa | C31: 60 | D31: 59 | E31: 53 | F31: 47 | G31: 71 | H31: 36 | I31: 53 | J31: 50 | K31: 76 | L31: 80 | M31: 0.00073546311 | N31: 0.052631579 | O31: 0.33333333
A32: La Rioja | C32: 23 | D32: 39 | E32: 35 | F32: 34 | G32: 31 | H32: 10 | I32: 10 | J32: 24 | K32: 22 | L32: 24 | M32: 0.00022063893 | N32: 0.090909091 | O32: 0.043478261
A33: Mendoza | C33: 3389 | D33: 3527 | E33: 2954 | F33: 2880 | G33: 3173 | H33: 2235 | I33: 2498 | J33: 3180 | K33: 4331 | L33: 4766 | M33: 0.043815215 | N33: 0.1004387 | O33: 0.40631455
B34: Gran Mendoza | C34: 2875 | D34: 2970 | E34: 2513 | F34: 2422 | G34: 2600 | H34: 1776 | I34: 1937 | J34: 2466 | K34: 3376 | L34: 3605 | M34: 0.033141806 | N34: 0.067831754 | O34: 0.25391304
A35: Misiones | C35: 122 | D35: 183 | E35: 148 | F35: 128 | G35: 145 | H35: 123 | I35: 141 | J35: 155 | K35: 190 | L35: 174 | M35: 0.0015996323 | N35: -0.084210526 | O35: 0.42622951
A36: Neuquén | C36: 718 | D36: 773 | E36: 599 | F36: 620 | G36: 670 | H36: 557 | I36: 665 | J36: 815 | K36: 999 | L36: 1094 | M36: 0.010057458 | N36: 0.095095095 | O36: 0.52367688
A37: Río Negro | C37: 225 | D37: 242 | E37: 318 | F37: 305 | G37: 260 | H37: 221 | I37: 244 | J37: 321 | K37: 409 | L37: 412 | M37: 0.003787635 | N37: 0.0073349633 | O37: 0.83111111
A38: Salta | C38: 13 | D38: 23 | E38: 18 | F38: 26 | G38: 46 | H38: 50 | I38: 52 | J38: 66 | K38: 81 | L38: 69 | M38: 0.00063433693 | N38: -0.14814815 | O38: 4.3076923
A39: San Juan | C39: 84 | D39: 121 | E39: 90 | F39: 73 | G39: 63 | H39: 46 | I39: 58 | J39: 95 | K39: 82 | L39: 96 | M39: 0.00088255573 | N39: 0.17073171 | O39: 0.14285714
A40: San Luis | C40: 94 | D40: 151 | E40: 106 | F40: 129 | G40: 154 | H40: 95 | I40: 77 | J40: 122 | K40: 153 | L40: 141 | M40: 0.0012962537 | N40: -0.078431373 | O40: 0.5
A41: Santa Cruz | C41: 29 | D41: 44 | E41: 40 | F41: 42 | G41: 38 | H41: 22 | I41: 33 | J41: 34 | K41: 37 | L41: 33 | M41: 0.00030337853 | N41: -0.10810811 | O41: 0.13793103
A42: Santa Fe | C42: 3433 | D42: 3574 | E42: 3004 | F42: 3368 | G42: 4567 | H42: 3911 | I42: 4474 | J42: 5555 | K42: 7343 | L42: 6705 | M42: 0.061641002 | N42: -0.086885469 | O42: 0.95310224
B43: Rosario | C43: 2286 | D43: 2304 | E43: 1773 | F43: 2006 | G43: 2723 | H43: 2387 | I43: 2360 | J43: 3231 | K43: 4209 | L43: 3661 | M43: 0.033656631 | N43: -0.1301972 | O43: 0.60148731
A44: Santiago del Estero | C44: 51 | D44: 67 | E44: 80 | F44: 70 | G44: 60 | H44: 53 | I44: 63 | J44: 109 | K44: 84 | L44: 77 | M44: 0.00070788325 | N44: -0.083333333 | O44: 0.50980392
A45: Tierra del Fuego | C45: 15 | D45: 32 | E45: 27 | F45: 40 | G45: 29 | H45: 24 | I45: 26 | J45: 41 | K45: 44 | L45: 49 | M45: 0.00045047116 | N45: 0.11363636 | O45: 2.2666667
A46: Tucumán | C46: 260 | D46: 372 | E46: 334 | F46: 425 | G46: 482 | H46: 438 | I46: 490 | J46: 727 | K46: 699 | L46: 510 | M46: 0.0046885773 | N46: -0.27038627 | O46: 0.96153846
A47: País limítrofe | C47: 52 | D47: 94 | E47: 87 | F47: 73 | G47: 64 | H47: 41 | I47: 34 | J47: 72 | K47: 78 | L47: 62 | M47: 0.00056998391 | N47: -0.20512821 | O47: 0.19230769
A49: (*)
A51: Area Metropolitana Buenos Aires (A.M.B.A.) | C51: C.A.B.A.
C52: Zona Gran La Plata, integrada por los partidos de Berisso, Ensenada y La Plata.
C53: Zona Sur, integrada por los partidos de Esteban Echeverría, Ezeiza, Presidente Perón y San Vicente.
C54: Zona Sureste, integrada por los partidos de Almirante Brown, Avellaneda, Berazategui, Florencio Varela y Quilmes.
C55: Zona Suroeste, integrada por los partidos de La Matanza, Lanús y Lomas de Zamora.
C56: Zona Noreste, integrada por los partidos de Escobar, San Fernando, San Isidro, Tigre y Vicente López.
C57: Zona Noroeste, integrada por los partidos de General Rodríguez, Merlo, Moreno y Pilar.
C58: Zona Norte Centro, integrada por los partidos de General San Martín, José C. Paz, Malvinas Argentinas, San Miguel y Tres de Febrero
C59: Zona Oeste, integrada por los partidos de Hurlingham, Ituzaingó, Morón.

Sheet Cuadro 18
A1: AUTOMOTORES - Coberturas de Casco | Q1: INDICE
A2: Cuadro 18: Vehículos Expuestos a Riesgo con cobertura de Robo Total por Jurisdicción. Por año
A4: Jurisdicción | C4: Año | M4: Part. 2024 | N4: Var. | O4: Var.
N5: (24 / 23) | O5: (24 / 15)
C6: 2015 | D6: 2016 | E6: 2017 | F6: 2018 | G6: 2019 | H6: 2020 | I6: 2021 | J6: 2022 | K6: 2023 | L6: 2024 | M6: % | N6: % | O6: %
A7: Total | C7: 7580419.7 | D7: 7851196.5 | E7: 8335592.4 | F7: 9076953.8 | G7: 9282478.3 | H7: 9203307.4 | I7: 9583139 | J7: 9738817.2 | K7: 10044846 | L7: 9636506.3 | M7: 1 | N7: -0.04065164 | O7: 0.27123651
A8: C.A.B.A. | C8: 975880.15 | D8: 992256.78 | E8: 1024145.7 | F8: 1080209 | G8: 1087722.8 | H8: 1045367.5 | I8: 1003586 | J8: 1054663.7 | K8: 1045023.9 | L8: 1037469.3 | M8: 0.10766031 | N8: -0.0072291527 | O8: 0.063111356
A9: A.M.B.A. | C9: 3139122.7 | D9: 3226458.2 | E9: 3370781.9 | F9: 3658761.7 | G9: 3719429.2 | H9: 3634212.4 | I9: 3656322.5 | J9: 3847282.4 | K9: 4116018.8 | L9: 3809356.2 | M9: 0.39530469 | N9: -0.074504669 | O9: 0.21350981
A10: Buenos Aires | C10: 3331431.2 | D10: 3409056.3 | E10: 3587143 | F10: 3900558.2 | G10: 3951601 | H10: 3958281.8 | I10: 4100704.9 | J10: 4248837.3 | K10: 4598459.5 | L10: 4266786.2 | M10: 0.44277314 | N10: -0.07212705 | O10: 0.2807667
B11: Gran La Plata | C11: 232063.62 | D11: 238131.73 | E11: 252610.66 | F11: 276649.01 | G11: 279508.66 | H11: 285773.8 | I11: 295170.19 | J11: 278953.27 | K11: 331082.21 | L11: 285398.68 | M11: 0.029616406 | N11: -0.13798241 | O11: 0.22982949
B12: Noreste | C12: 390087.54 | D12: 400520.26 | E12: 422188.18 | F12: 455194.72 | G12: 467042.29 | H12: 460163.05 | I12: 463770.37 | J12: 487967.31 | K12: 505268.51 | L12: 489640.74 | M12: 0.050811023 | N12: -0.030929623 | O12: 0.25520733
B13: Noroeste | C13: 215429.98 | D13: 223629.38 | E13: 240169.44 | F13: 271887.1 | G13: 284284.35 | H13: 280075.74 | I13: 277122.81 | J13: 297066.12 | K13: 340471.75 | L13: 303441.04 | M13: 0.031488699 | N13: -0.10876295 | O13: 0.40853673
B14: Norte Centro | C14: 293467.67 | D14: 305425.46 | E14: 314616.86 | F14: 343445.81 | G14: 351966.43 | H14: 343527.86 | I14: 364797.19 | J14: 387550.62 | K14: 418903.85 | L14: 379023.51 | M14: 0.039332046 | N14: -0.095201649 | O14: 0.29153413
B15: Oeste | C15: 155429.2 | D15: 159976.56 | E15: 167472.72 | F15: 179910.25 | G15: 182645.23 | H15: 178125.39 | I15: 181051.2 | J15: 194155.2 | K15: 213402.21 | L15: 189328.53 | M15: 0.01964701 | N15: -0.11280893 | O15: 0.21810142
B16: Sur | C16: 89611.508 | D16: 94143.716 | E16: 100252.45 | F16: 117193.53 | G16: 120063.22 | H16: 120287.73 | I16: 128324.35 | J16: 140019.39 | K16: 164623.07 | L16: 148222.22 | M16: 0.015381323 | N16: -0.099626698 | O16: 0.65405339
B17: Sureste | C17: 358174.73 | D17: 371636.88 | E17: 389451.76 | F17: 431559.52 | G17: 436475.51 | H17: 427272.79 | I17: 441591.22 | J17: 469071.2 | K17: 520350.82 | L17: 459023.39 | M17: 0.047633797 | N17: -0.11785786 | O17: 0.28156274
B18: Suroeste | C18: 428978.27 | D18: 440737.42 | E18: 459874.18 | F18: 502712.69 | G18: 509720.7 | H18: 493618.52 | I18: 500909.17 | J18: 537835.55 | K18: 576892.45 | L18: 517808.77 | M18: 0.053734077 | N18: -0.10241715 | O18: 0.20707459
B19: Bahía Blanca | C19: 90901.445 | D19: 92378.463 | E19: 100350.05 | F19: 108176.07 | G19: 111028.76 | H19: 110717.24 | I19: 118625.53 | J19: 117806.75 | K19: 119562.71 | L19: 114256.62 | M19: 0.011856644 | N19: -0.044379114 | O19: 0.25692858
B20: Gral Pueyrredón | C20: 165978.7 | D20: 170777.13 | E20: 179117.14 | F20: 193642.43 | G20: 192756.52 | H20: 191742.32 | I20: 201847.87 | J20: 195236.95 | K20: 199559.01 | L20: 202546.76 | M20: 0.021018692 | N20: 0.014971794 | O20: 0.2203178
B21: Resto Bs As | C21: 911308.55 | D21: 911699.34 | E21: 961039.61 | F21: 1020187.1 | G21: 1016109.3 | H21: 1066977.4 | I21: 1127495 | J21: 1143175 | K21: 1208342.9 | L21: 1178095.9 | M21: 0.12225342 | N21: -0.025031806 | O21: 0.29275194
A22: Catamarca | C22: 27183.168 | D22: 29371.983 | E22: 33840.424 | F22: 37280.691 | G22: 41713.161 | H22: 40227.202 | I22: 43001.212 | J22: 41328.582 | K22: 39157.22 | L22: 40702.062 | M22: 0.0042237363 | N22: 0.039452278 | O22: 0.49732592
A23: Chaco | C23: 85554.947 | D23: 91793.799 | E23: 104762.89 | F23: 121169.3 | G23: 127586.46 | H23: 121544.83 | I23: 127459.32 | J23: 124069.29 | K23: 131370.71 | L23: 118884.38 | M23: 0.012336875 | N23: -0.095046551 | O23: 0.38956753
A24: Chubut | C24: 112163 | D24: 123214.01 | E24: 135109.31 | F24: 146163.45 | G24: 148818.23 | H24: 150218.01 | I24: 164676.39 | J24: 156394.71 | K24: 143047.75 | L24: 151837.8 | M24: 0.01575652 | N24: 0.061448409 | O24: 0.35372449
A25: Córdoba | C25: 768678.57 | D25: 800362.91 | E25: 835169.29 | F25: 864396.88 | G25: 908937.56 | H25: 908387.6 | I25: 964583.64 | J25: 933164.96 | K25: 976435.78 | L25: 954048.48 | M25: 0.099003564 | N25: -0.022927578 | O25: 0.24115399
B26: Córdoba capital | C26: 262020.81 | D26: 268219.25 | E26: 286177.96 | F26: 294946.2 | G26: 322123.09 | H26: 317574.77 | I26: 332831.91 | J26: 318739.41 | K26: 318055.98 | L26: 316043.39 | M26: 0.03279647 | N26: -0.0063277757 | O26: 0.20617667
A27: Corrientes | C27: 80683.56 | D27: 85825.776 | E27: 88433.647 | F27: 96145.596 | G27: 102853.23 | H27: 99306.244 | I27: 105111.31 | J27: 102942.49 | K27: 109506.3 | L27: 102985.37 | M27: 0.010687003 | N27: -0.059548486 | O27: 0.27641081
A28: Entre Ríos | C28: 209030.38 | D28: 218128.28 | E28: 230098.87 | F28: 255515.94 | G28: 258901.66 | H28: 247287.25 | I28: 270864.44 | J28: 278303.79 | K28: 276217.23 | L28: 267756.73 | M28: 0.027785664 | N28: -0.030629894 | O28: 0.28094651
A29: Formosa | C29: 31044.985 | D29: 32946.819 | E29: 37223.4 | F29: 43308.352 | G29: 46230.241 | H29: 44486.082 | I29: 45663.497 | J29: 42590.923 | K29: 41995.273 | L29: 39573.798 | M29: 0.004106654 | N29: -0.057660663 | O29: 0.27472435
A30: Jujuy | C30: 36464.821 | D30: 38777.653 | E30: 44522.692 | F30: 52781.871 | G30: 55185.297 | H30: 50933.062 | I30: 50011.032 | J30: 51243.099 | K30: 46417.474 | L30: 48546.379 | M30: 0.0050377572 | N30: 0.045864289 | O30: 0.33132091
A31: La Pampa | C31: 71078.239 | D31: 74256.445 | E31: 83029.002 | F31: 94587.773 | G31: 96889.523 | H31: 99559.862 | I31: 109551.6 | J31: 105839.2 | K31: 98973.728 | L31: 100517.63 | M31: 0.010430921 | N31: 0.015599135 | O31: 0.41418294
A32: La Rioja | C32: 23074.064 | D32: 24760.857 | E32: 29467.58 | F32: 32233.632 | G32: 34170.382 | H32: 31473.542 | I32: 31694.895 | J32: 30426.705 | K32: 28697.442 | L32: 28955.895 | M32: 0.0030048125 | N32: 0.0090061145 | O32: 0.25491094
A33: Mendoza | C33: 339814.31 | D33: 359050.27 | E33: 383127.32 | F33: 423216.97 | G33: 431761.89 | H33: 428091.39 | I33: 454468.72 | J33: 458011.17 | K33: 457741.74 | L33: 432753.8 | M33: 0.044907748 | N33: -0.054589613 | O33: 0.27350081
B34: Gran Mendoza | C34: 188821.32 | D34: 186592.35 | E34: 203670.64 | F34: 228166.59 | G34: 229273.88 | H34: 225596.96 | I34: 236018.08 | J34: 229657.06 | K34: 229259.82 | L34: 210304.19 | M34: 0.021823697 | N34: -0.082681862 | O34: 0.11377354
A35: Misiones | C35: 88380.647 | D35: 94776.208 | E35: 108380.77 | F35: 124998.76 | G35: 129921.14 | H35: 129962.65 | I35: 140819.63 | J35: 142366.9 | K35: 137120.26 | L35: 142966.04 | M35: 0.014835879 | N35: 0.042632498 | O35: 0.61761702
A36: Neuquén | C36: 122867.11 | D36: 134787.67 | E36: 150135.42 | F36: 169444.18 | G36: 176191.5 | H36: 177019 | I36: 185883.8 | J36: 191047.1 | K36: 198649.2 | L36: 190181.33 | M36: 0.019735506 | N36: -0.042627245 | O36: 0.54786195
A37: Río Negro | C37: 118315.43 | D37: 127465.44 | E37: 155506.84 | F37: 184836.29 | G37: 194459.52 | H37: 196687.31 | I37: 214066.31 | J37: 216566.62 | K37: 197303.98 | L37: 211249.74 | M37: 0.021921818 | N37: 0.070681594 | O37: 0.78547916
A38: Salta | C38: 67384.721 | D38: 72305.694 | E38: 83979.296 | F38: 98145.298 | G38: 106375.02 | H38: 102660.64 | I38: 107344.8 | J38: 105530.02 | K38: 104227.79 | L38: 112000.68 | M38: 0.01162254 | N38: 0.074575918 | O38: 0.6621079
A39: San Juan | C39: 59943.02 | D39: 62168.912 | E39: 66955.156 | F39: 77510.069 | G39: 80581.486 | H39: 79323.076 | I39: 84049.419 | J39: 82310.566 | K39: 69701.907 | L39: 75706.602 | M39: 0.0078562292 | N39: 0.086148219 | O39: 0.26297612
A40: San Luis | C40: 55882.82 | D40: 59285.22 | E40: 63794.882 | F40: 73672.842 | G40: 76889.09 | H40: 76956.566 | I40: 80956.163 | J40: 85770.895 | K40: 79642.788 | L40: 77462.317 | M40: 0.0080384233 | N40: -0.027378133 | O40: 0.38615619
A41: Santa Cruz | C41: 58872.456 | D41: 63527.354 | E41: 67142.996 | F41: 70490.279 | G41: 70356.064 | H41: 66870.488 | I41: 69732.044 | J41: 66986.123 | K41: 63317.431 | L41: 64207.591 | M41: 0.0066629533 | N41: 0.014058698 | O41: 0.090621925
A42: Santa Fe | C42: 718630.93 | D42: 745560.39 | E42: 780566.26 | F42: 849968.48 | G42: 852054.44 | H42: 855551.79 | I42: 920497.74 | J42: 911785.09 | K42: 920763.61 | L42: 882535.12 | M42: 0.091582477 | N42: -0.041518241 | O42: 0.22807839
B43: Rosario | C43: 204143.48 | D43: 210034.79 | E43: 220722.29 | F43: 244265.11 | G43: 247412.11 | H43: 246234.71 | I43: 263292.81 | J43: 256406.81 | K43: 257263.95 | L43: 241380.81 | M43: 0.025048581 | N43: -0.061738666 | O43: 0.18240764
A44: Santiago del Estero | C44: 44894.134 | D44: 47936.292 | E44: 59110.891 | F44: 68188.514 | G44: 74356.859 | H44: 70491.825 | I44: 74520.343 | J44: 71453.945 | K44: 68768.564 | L44: 72991.927 | M44: 0.0075745217 | N44: 0.061414148 | O44: 0.6258678
A45: Tierra del Fuego | C45: 45696.653 | D45: 47790.764 | E45: 50207.392 | F45: 54296.762 | G45: 56536.851 | H45: 55733.062 | I45: 57160.141 | J45: 55622.442 | K45: 43863.023 | L45: 53036.588 | M45: 0.0055037154 | N45: 0.2091412 | O45: 0.16062304
A46: Tucumán | C46: 107466.27 | D46: 115787.31 | E46: 133736.51 | F46: 157826.66 | G46: 172380.55 | H46: 166833.01 | I46: 176688.21 | J46: 181558.18 | K46: 168441.85 | L46: 163346.81 | M46: 0.016950833 | N46: -0.030248049 | O46: 0.51998218
A47: Sin información | C47: 4.1073059 | D47: 3.3376801 | E47: 2.9097388 | F47: 7.9511243 | G47: 4.292666 | H47: 53.593388 | I47: 43.490489 | J47: 3.3016804 | K47: 1.3373902 | L47: 3.8356809 | M47: 3.9803646e-07
A49: Area Metropolitana Buenos Aires (A.M.B.A.) | C49: C.A.B.A.
C50: Zona Gran La Plata, integrada por los partidos de Berisso, Ensenada y La Plata.
C51: Zona Sur, integrada por los partidos de Esteban Echeverría, Ezeiza, Presidente Perón y San Vicente.
C52: Zona Sureste, integrada por los partidos de Almirante Brown, Avellaneda, Berazategui, Florencio Varela y Quilmes.
C53: Zona Suroeste, integrada por los partidos de La Matanza, Lanús y Lomas de Zamora.
C54: Zona Noreste, integrada por los partidos de Escobar, San Fernando, San Isidro, Tigre y Vicente López.
C55: Zona Noroeste, integrada por los partidos de General Rodríguez, Merlo, Moreno y Pilar.
C56: Zona Norte Centro, integrada por los partidos de General San Martín, José C. Paz, Malvinas Argentinas, San Miguel y Tres de Febrero
C57: Zona Oeste, integrada por los partidos de Hurlingham, Ituzaingó, Morón.

Sheet Cuadro 19
A1: AUTOMOTORES - Coberturas de Casco | O1: INDICE
A2: Cuadro 19: Frecuencia Siniestral de Robo Total por Jurisdicción. Por año
A4: Jurisdicción | C4: 2015 | D4: 2016 | E4: 2017 | F4: 2018 | G4: 2019 | H4: 2020 | I4: 2021 | J4: 2022 | K4: 2023 | L4: 2024 | M4: Var. (en p.p.)*
C6: 2015 | D6: 2016 | E6: 2017 | F6: 2018 | G6: 2019 | H6: 2020 | I6: 2021 | J6: 2022 | K6: 2023 | L6: 2023 | M6: Part. %
A7: Total | C7: 0.0088216799 | D7: 0.0089143139 | E7: 0.0081961809 | F7: 0.0075725912 | G7: 0.0079975446 | H7: 0.0058954149 | I7: 0.0068732488 | J7: 0.0085813325 | K7: 0.010358647 | L7: 0.011287809 | M7: 0.09
A8: C.A.B.A. | C8: 0.0091476397 | D8: 0.010210059 | E8: 0.010013224 | F8: 0.0094009583 | G8: 0.0082824411 | H8: 0.0054650638 | I8: 0.0077372541 | J8: 0.010269624 | K8: 0.012230342 | L8: 0.012746402 | M8: 0.05
A9: A.M.B.A. | C9: 0.015408445 | D9: 0.015683761 | E9: 0.015149897 | F9: 0.013942422 | G9: 0.014509484 | H9: 0.010511218 | I9: 0.012986272 | J9: 0.015616998 | K9: 0.017816488 | L9: 0.020115473 | M9: 0.23
A10: Buenos Aires | C10: 0.013145701 | D10: 0.013003599 | E10: 0.012463122 | F10: 0.01153963 | G10: 0.012568323 | H10: 0.0091312346 | I10: 0.010721084 | J10: 0.012825391 | K10: 0.014711448 | L10: 0.01684195 | M10: 0.21
B11: Gran La Plata | C11: 0.0076358371 | D11: 0.0078401984 | E11: 0.0076125052 | F11: 0.0069582754 | G11: 0.0087510705 | H11: 0.0064071654 | I11: 0.007266994 | J11: 0.010639775 | K11: 0.011124126 | L11: 0.013086956 | M11: 0.2
B12: Noreste | C12: 0.0084955289 | D12: 0.0083940823 | E12: 0.0088609776 | F12: 0.0067575476 | G12: 0.0071128462 | H12: 0.0043919215 | I12: 0.0050477567 | J12: 0.0061786926 | K12: 0.0064856605 | L12: 0.0061861682 | M12: -0.03
B13: Noroeste | C13: 0.017843384 | D13: 0.019791675 | E13: 0.016958861 | F13: 0.0158301 | G13: 0.016564401 | H13: 0.012103869 | I13: 0.015159344 | J13: 0.016107525 | K13: 0.018932554 | L13: 0.023543288 | M13: 0.46
B14: Norte Centro | C14: 0.025839303 | D14: 0.023675171 | E14: 0.023078865 | F14: 0.020416612 | G14: 0.02070652 | H14: 0.015655208 | I14: 0.017919546 | J14: 0.022373852 | K14: 0.026053711 | L14: 0.029473106 | M14: 0.34
B15: Oeste | C15: 0.021392376 | D15: 0.022578307 | E15: 0.019418088 | F15: 0.018298012 | G15: 0.017936412 | H15: 0.013378216 | I15: 0.015553611 | J15: 0.020097325 | K15: 0.022295927 | L15: 0.027761267 | M15: 0.55
B16: Sur | C16: 0.018379336 | D16: 0.020075689 | E16: 0.018662886 | F16: 0.01624663 | G16: 0.019622995 | H16: 0.012835889 | I16: 0.013855516 | J16: 0.018747404 | K16: 0.018764077 | L16: 0.020853824 | M16: 0.21
B17: Sureste | C17: 0.018658491 | D17: 0.017810396 | E17: 0.01887782 | F17: 0.016885272 | G17: 0.018369874 | H17: 0.013501913 | I17: 0.016134832 | J17: 0.017656168 | K17: 0.018889179 | L17: 0.021944416 | M17: 0.3
B18: Suroeste | C18: 0.026281051 | D18: 0.02601549 | E18: 0.024656744 | F18: 0.023983878 | G18: 0.026571415 | H18: 0.020604981 | I18: 0.025501629 | J18: 0.027898862 | K18: 0.032165441 | L18: 0.038438901 | M18: 0.62
B19: Bahía Blanca | C19: 0.0013091101 | D19: 0.0012448789 | E19: 0.0012157443 | F19: 0.00084122115 | G19: 0.0012429212 | H19: 0.00082191353 | I19: 0.0012476235 | J19: 0.0015533915 | K19: 0.0019487681 | L19: 0.0021705525 | M19: 0.03
B20: Gral Pueyrredón | C20: 0.011603899 | D20: 0.0079928734 | E20: 0.0081957538 | F20: 0.0087274263 | G20: 0.010977579 | H20: 0.0083914705 | I20: 0.0083726421 | J20: 0.0097829843 | K20: 0.01361001 | L20: 0.019649783 | M20: 0.6
B21: Resto Bs As | C21: 0.0025315246 | D21: 0.0026072192 | E21: 0.0023984443 | F21: 0.0023260439 | G21: 0.0024131261 | H21: 0.0018341532 | I21: 0.0021365949 | J21: 0.0027528594 | K21: 0.003433628 | L21: 0.0035905396 | M21: 0.02
A22: Catamarca | C22: 0.0033844473 | D22: 0.0026555919 | E22: 0.0015070733 | F22: 0.0013680004 | G22: 0.00079111721 | H22: 0.00042259961 | I22: 0.00062788928 | J22: 0.00082267521 | K22: 0.00097044682 | L22: 0.0012038702 | M22: 0.02
A23: Chaco | C23: 0.0033195041 | D23: 0.0032573006 | E23: 0.0023863413 | F23: 0.0032268899 | G23: 0.0024845897 | H23: 0.0021062187 | I23: 0.0018751081 | J23: 0.0024905438 | K23: 0.0036994548 | L23: 0.0034991982 | M23: -0.02
A24: Chubut | C24: 0.0017831192 | D24: 0.0013310175 | E24: 0.0013766631 | F24: 0.0012588646 | G24: 0.0012296881 | H24: 0.0010185197 | I24: 0.0012509383 | J24: 0.0015090025 | K24: 0.00228595 | L24: 0.0017189395 | M24: -0.06
A25: Córdoba | C25: 0.005981694 | D25: 0.006630742 | E25: 0.0055042733 | F25: 0.0049178798 | G25: 0.0052159799 | H25: 0.0041425048 | I25: 0.004472396 | J25: 0.0062764894 | K25: 0.0077813617 | L25: 0.0085142424 | M25: 0.07
B26: Córdoba capital | C26: 0.015197266 | D26: 0.016740037 | E26: 0.01346365 | F26: 0.012100512 | G26: 0.012293437 | H26: 0.0087443975 | I26: 0.0089745001 | J26: 0.012991804 | K26: 0.01704417 | L26: 0.017972216 | M26: 0.1
A27: Corrientes | C27: 0.00099152789 | D27: 0.0011301966 | E27: 0.0008594014 | F27: 0.0010816928 | G27: 0.00090420108 | H27: 0.00085593812 | I27: 0.00063741953 | J27: 0.00085484625 | K27: 0.0011049592 | L27: 0.0013011557 | M27: 0.02
A28: Entre Ríos | C28: 0.0011242385 | D28: 0.00082061804 | E28: 0.00081269413 | F28: 0.00082186652 | G28: 0.00083043115 | H28: 0.00068745961 | I28: 0.00069407414 | J28: 0.00088751934 | K28: 0.0011729898 | L28: 0.0012137884 | M28: 0
A29: Formosa | C29: 0.0013528755 | D29: 0.0012140778 | E29: 0.0014775652 | F29: 0.00092360938 | G29: 0.0014708987 | H29: 0.00094411552 | I29: 0.0011606645 | J29: 0.00143223 | K29: 0.001047737 | L29: 0.0011623853 | M29: 0.02
A30: Jujuy | C30: 0.001426032 | D30: 0.001598859 | E30: 0.0014150088 | F30: 0.001496726 | G30: 0.0010872461 | H30: 0.0010209479 | I30: 0.0025194441 | J30: 0.00097574115 | K30: 0.001163355 | L30: 0.00090634978 | M30: -0.03
A31: La Pampa | C31: 0.00084414022 | D31: 0.00079454383 | E31: 0.00063833117 | F31: 0.00049689298 | G31: 0.00073279337 | H31: 0.0003615915 | I31: 0.00048379027 | J31: 0.00047241474 | K31: 0.00076788054 | L31: 0.00079588026 | M31: 0
A32: La Rioja | C32: 0.00099679018 | D32: 0.0015750667 | E32: 0.001187746 | F32: 0.0010547989 | G32: 0.00090721842 | H32: 0.00031772719 | I32: 0.00031550822 | J32: 0.00078878077 | K32: 0.00076661884 | L32: 0.00082884678 | M32: 0
A33: Mendoza | C33: 0.0099730939 | D33: 0.0098231371 | E33: 0.0077102307 | F33: 0.0068050202 | G33: 0.0073489579 | H33: 0.0052208478 | I33: 0.0054965278 | J33: 0.0069430621 | K33: 0.0094616671 | L33: 0.01101319 | M33: 0.15
B34: Gran Mendoza | C34: 0.015226035 | D34: 0.015917051 | E34: 0.012338548 | F34: 0.010615051 | G34: 0.011340149 | H34: 0.0078724465 | I34: 0.0082069985 | J34: 0.01073775 | K34: 0.014725651 | L34: 0.017141836 | M34: 0.24
A35: Misiones | C35: 0.0013803927 | D35: 0.0019308643 | E35: 0.0013655559 | F35: 0.0010240102 | G35: 0.0011160617 | H35: 0.00094642577 | I35: 0.0010012808 | J35: 0.0010887362 | K35: 0.001385645 | L35: 0.0012170723 | M35: -0.02
A36: Neuquén | C36: 0.0058437119 | D36: 0.005734946 | E36: 0.0039897313 | F36: 0.0036590221 | G36: 0.0038026805 | H36: 0.0031465549 | I36: 0.0035775037 | J36: 0.0042659637 | K36: 0.0050289657 | L36: 0.0057524049 | M36: 0.08
A37: Río Negro | C37: 0.0019016961 | D37: 0.0018985538 | E37: 0.0020449261 | F37: 0.0016501088 | G37: 0.0013370392 | H37: 0.0011236109 | I37: 0.0011398337 | J37: 0.0014822229 | K37: 0.0020729435 | L37: 0.0019502983 | M37: -0.01
A38: Salta | C38: 0.00019292207 | D38: 0.0003180939 | E38: 0.00021433854 | F38: 0.00026491335 | G38: 0.00043243234 | H38: 0.00048704159 | I38: 0.00048442029 | J38: 0.00062541444 | K38: 0.00077714396 | L38: 0.0006160677 | M38: -0.02
A39: San Juan | C39: 0.0014013308 | D39: 0.0019463104 | E39: 0.0013441833 | F39: 0.00094181313 | G39: 0.0007818173 | H39: 0.00057990691 | I39: 0.00069007021 | J39: 0.0011541653 | K39: 0.0011764384 | L39: 0.0012680532 | M39: 0.01
A40: San Luis | C40: 0.0016820912 | D40: 0.0025470092 | E40: 0.0016615753 | F40: 0.0017509844 | G40: 0.0020028849 | H40: 0.0012344626 | I40: 0.00095113204 | J40: 0.0014223939 | K40: 0.0019210779 | L40: 0.0018202399 | M40: -0.01
A41: Santa Cruz | C41: 0.00049259029 | D41: 0.00069261502 | E41: 0.00059574344 | F41: 0.00059582683 | G41: 0.00054010981 | H41: 0.00032899416 | I41: 0.00047324011 | J41: 0.00050756781 | K41: 0.00058435725 | L41: 0.00051395792 | M41: -0.01
A42: Santa Fe | C42: 0.0047771392 | D42: 0.0047937096 | E42: 0.0038484881 | F42: 0.0039624999 | G42: 0.0053599861 | H42: 0.0045713188 | I42: 0.0048604139 | J42: 0.0060924444 | K42: 0.0079749025 | L42: 0.0075974314 | M42: -0.04
B43: Rosario | C43: 0.011198006 | D43: 0.010969611 | E43: 0.0080327184 | F43: 0.0082123887 | G43: 0.011005928 | H43: 0.0096940029 | I43: 0.0089634046 | J43: 0.01260107 | K43: 0.016360629 | L43: 0.015166906 | M43: -0.12
A44: Santiago del Estero | C44: 0.0011360059 | D44: 0.0013976884 | E44: 0.0013533885 | F44: 0.0010265658 | G44: 0.0008069195 | H44: 0.00075186024 | I44: 0.00084540673 | J44: 0.0015254581 | K44: 0.0012214884 | L44: 0.0010549112 | M44: -0.01
A45: Tierra del Fuego | C45: 0.00032825161 | D45: 0.00066958545 | E45: 0.00053776942 | F45: 0.00073669217 | G45: 0.00051293979 | H45: 0.0004306241 | I45: 0.00045486242 | J45: 0.00073711254 | K45: 0.0010031228 | L45: 0.0009238905 | M45: -0.01
A46: Tucumán | C46: 0.0024193639 | D46: 0.0032127874 | E46: 0.0024974482 | F46: 0.0026928278 | G46: 0.0027961391 | H46: 0.0026253796 | I46: 0.0027732467 | J46: 0.0040042262 | K46: 0.0041498002 | L46: 0.0031221914 | M46: -0.1
A48: * puntos porcentuales
A50: Area Metropolitana Buenos Aires (A.M.B.A.) | C50: C.A.B.A.
C51: Zona Gran La Plata, integrada por los partidos de Berisso, Ensenada y La Plata.
C52: Zona Sur, integrada por los partidos de Esteban Echeverría, Ezeiza, Presidente Perón y San Vicente.
C53: Zona Sureste, integrada por los partidos de Almirante Brown, Avellaneda, Berazategui, Florencio Varela y Quilmes.
C54: Zona Suroeste, integrada por los partidos de La Matanza, Lanús y Lomas de Zamora.
C55: Zona Noreste, integrada por los partidos de Escobar, San Fernando, San Isidro, Tigre y Vicente López.
C56: Zona Noroeste, integrada por los partidos de General Rodríguez, Merlo, Moreno y Pilar.
C57: Zona Norte Centro, integrada por los partidos de General San Martín, José C. Paz, Malvinas Argentinas, San Miguel y Tres de Febrero
C58: Zona Oeste, integrada por los partidos de Hurlingham, Ituzaingó, Morón.

Sheet Cuadro 20
A1: AUTOMOTORES - Coberturas de Casco | V1: INDICE
A2: Cuadro 20: Siniestros de Robo Total por Tipo de Vehículo y Jurisdicción. Año 2024
A4: Jurisdicción | C4: Total | D4: Part. % | E4: Autos | F4: Part. % | G4: Camionetas | H4: Part. % | I4: Camiones | J4: Part. % | K4: Taxis | L4: Part. % | M4: Remises | N4: Part. % | O4: Motos | P4: Part. % | Q4: Máq Rurales | R4: Part. % | S4: M1+M2+M3 | T4: Part. %
A5: Total | C5: 108775 | D5: 1 | E5: 57018 | F5: 1 | G5: 3343 | H5: 1 | I5: 508 | J5: 1 | K5: 217 | L5: 1 | M5: 334 | N5: 1 | O5: 47168 | P5: 1 | Q5: 117 | R5: 1 | S5: 70 | T5: 1
A6: C.A.B.A. | C6: 13224 | D6: 0.12157205 | E6: 6189 | F6: 0.10854467 | G6: 295 | H6: 0.088244092 | I6: 38 | J6: 0.07480315 | K6: 37 | L6: 0.17050691 | M6: 16 | N6: 0.047904192 | O6: 6641 | P6: 0.14079461 | Q6: 2 | R6: 0.017094017 | S6: 6 | T6: 0.085714286
A7: A.M.B.A. | C7: 76627 | D7: 0.70445415 | E7: 41417 | F7: 0.72638465 | G7: 2118 | H7: 0.63356267 | I7: 382 | J7: 0.7519685 | K7: 191 | L7: 0.88018433 | M7: 293 | N7: 0.87724551 | O7: 32108 | P7: 0.68071574 | Q7: 61 | R7: 0.52136752 | S7: 57 | T7: 0.81428571
A8: Buenos Aires | C8: 71861 | D8: 0.66063893 | E8: 38550 | F8: 0.67610228 | G8: 2129 | H8: 0.63685313 | I8: 417 | J8: 0.82086614 | K8: 163 | L8: 0.75115207 | M8: 298 | N8: 0.89221557 | O8: 30156 | P8: 0.63933175 | Q8: 90 | R8: 0.76923077 | S8: 58 | T8: 0.82857143
B9: Gran La Plata | C9: 3735 | D9: 0.034336934 | E9: 1484 | F9: 0.026026869 | G9: 88 | H9: 0.026323661 | I9: 6 | J9: 0.011811024 | K9: 7 | L9: 0.032258065 | M9: 9 | N9: 0.026946108 | O9: 2138 | P9: 0.045327341 | Q9: 2 | R9: 0.017094017 | S9: 1 | T9: 0.014285714
B10: Noreste | C10: 3029 | D10: 0.027846472 | E10: 1317 | F10: 0.023097969 | G10: 92 | H10: 0.027520191 | I10: 15 | J10: 0.029527559 | K10: 4 | L10: 0.01843318 | M10: 6 | N10: 0.017964072 | O10: 1593 | P10: 0.033772897 | Q10: 0 | R10: 0 | S10: 2 | T10: 0.028571429
B11: Noroeste | C11: 7144 | D11: 0.065676856 | E11: 3642 | F11: 0.063874566 | G11: 185 | H11: 0.055339515 | I11: 48 | J11: 0.094488189 | K11: 11 | L11: 0.050691244 | M11: 29 | N11: 0.086826347 | O11: 3214 | P11: 0.068139417 | Q11: 8 | R11: 0.068376068 | S11: 7 | T11: 0.1
B12: Norte Centro | C12: 11171 | D12: 0.10269823 | E12: 5704 | F12: 0.10003858 | G12: 258 | H12: 0.077176189 | I12: 59 | J12: 0.11614173 | K12: 22 | L12: 0.10138249 | M12: 44 | N12: 0.13173653 | O12: 5070 | P12: 0.10748813 | Q12: 6 | R12: 0.051282051 | S12: 8 | T12: 0.11428571
B13: Oeste | C13: 5256 | D13: 0.048319926 | E13: 2748 | F13: 0.048195307 | G13: 138 | H13: 0.041280287 | I13: 29 | J13: 0.057086614 | K13: 10 | L13: 0.046082949 | M13: 20 | N13: 0.05988024 | O13: 2301 | P13: 0.048783073 | Q13: 6 | R13: 0.051282051 | S13: 4 | T13: 0.057142857
B14: Sur | C14: 3091 | D14: 0.028416456 | E14: 1716 | F14: 0.030095759 | G14: 101 | H14: 0.030212384 | I14: 33 | J14: 0.06496063 | K14: 5 | L14: 0.023041475 | M14: 8 | N14: 0.023952096 | O14: 1213 | P14: 0.025716588 | Q14: 12 | R14: 0.1025641 | S14: 3 | T14: 0.042857143
B15: Sureste | C15: 10073 | D15: 0.092603999 | E15: 5733 | F15: 0.1005472 | G15: 278 | H15: 0.083158839 | I15: 45 | J15: 0.088582677 | K15: 23 | L15: 0.10599078 | M15: 46 | N15: 0.13772455 | O15: 3936 | P15: 0.083446404 | Q15: 7 | R15: 0.05982906 | S15: 5 | T15: 0.071428571
B16: Suroeste | C16: 19904 | D16: 0.18298322 | E16: 12884 | F16: 0.22596373 | G16: 683 | H16: 0.20430751 | I16: 109 | J16: 0.21456693 | K16: 72 | L16: 0.33179724 | M16: 115 | N16: 0.34431138 | O16: 6002 | P16: 0.12724729 | Q16: 18 | R16: 0.15384615 | S16: 21 | T16: 0.3
B17: Bahía Blanca | C17: 248 | D17: 0.0022799356 | E17: 80 | F17: 0.0014030657 | G17: 2 | H17: 0.00059826503 | I17: 0 | J17: 0 | K17: 0 | L17: 0 | M17: 0 | N17: 0 | O17: 166 | P17: 0.0035193351 | Q17: 0 | R17: 0 | S17: 0 | T17: 0
B18: Gral Pueyrredón | C18: 3980 | D18: 0.03658929 | E18: 1545 | F18: 0.027096706 | G18: 103 | H18: 0.030810649 | I18: 1 | J18: 0.0019685039 | K18: 9 | L18: 0.041474654 | M18: 17 | N18: 0.050898204 | O18: 2304 | P18: 0.048846676 | Q18: 1 | R18: 0.0085470085 | S18: 0 | T18: 0
B19: Resto Bs As | C19: 4230 | D19: 0.038887612 | E19: 1697 | F19: 0.029762531 | G19: 201 | H19: 0.060125636 | I19: 72 | J19: 0.14173228 | K19: 0 | L19: 0 | M19: 4 | N19: 0.011976048 | O19: 2219 | P19: 0.047044607 | Q19: 30 | R19: 0.25641026 | S19: 7 | T19: 0.1
A20: Catamarca | C20: 49 | D20: 0.00045047116 | E20: 21 | F20: 0.00036830475 | G20: 2 | H20: 0.00059826503 | I20: 0 | J20: 0 | K20: 0 | L20: 0 | M20: 0 | N20: 0 | O20: 26 | P20: 0.00055122117 | Q20: 0 | R20: 0 | S20: 0 | T20: 0
A21: Chaco | C21: 416 | D21: 0.0038244082 | E21: 67 | F21: 0.0011750675 | G21: 11 | H21: 0.0032904577 | I21: 2 | J21: 0.0039370079 | K21: 0 | L21: 0 | M21: 0 | N21: 0 | O21: 336 | P21: 0.0071234735 | Q21: 0 | R21: 0 | S21: 0 | T21: 0
A22: Chubut | C22: 261 | D22: 0.0023994484 | E22: 166 | F22: 0.0029113613 | G22: 25 | H22: 0.0074783129 | I22: 0 | J22: 0 | K22: 0 | L22: 0 | M22: 0 | N22: 0 | O22: 69 | P22: 0.0014628562 | Q22: 1 | R22: 0.0085470085 | S22: 0 | T22: 0
A23: Córdoba | C23: 8123 | D23: 0.074677086 | E23: 4803 | F23: 0.084236557 | G23: 360 | H23: 0.10768771 | I23: 10 | J23: 0.019685039 | K23: 5 | L23: 0.023041475 | M23: 11 | N23: 0.032934132 | O23: 2923 | P23: 0.06196998 | Q23: 8 | R23: 0.068376068 | S23: 3 | T23: 0.042857143
B24: Córdoba capital | C24: 5680 | D24: 0.052217881 | E24: 3469 | F24: 0.060840436 | G24: 203 | H24: 0.060723901 | I24: 8 | J24: 0.015748031 | K24: 4 | L24: 0.01843318 | M24: 11 | N24: 0.032934132 | O24: 1982 | P24: 0.042020014 | Q24: 1 | R24: 0.0085470085 | S24: 2 | T24: 0.028571429
A25: Corrientes | C25: 134 | D25: 0.0012319007 | E25: 49 | F25: 0.00085937774 | G25: 8 | H25: 0.0023930601 | I25: 4 | J25: 0.0078740157 | K25: 0 | L25: 0 | M25: 0 | N25: 0 | O25: 72 | P25: 0.0015264586 | Q25: 1 | R25: 0.0085470085 | S25: 0 | T25: 0
A26: Entre Ríos | C26: 325 | D26: 0.0029878189 | E26: 144 | F26: 0.0025255183 | G26: 10 | H26: 0.0029913252 | I26: 1 | J26: 0.0019685039 | K26: 0 | L26: 0 | M26: 0 | N26: 0 | O26: 170 | P26: 0.0036041384 | Q26: 0 | R26: 0 | S26: 0 | T26: 0
A27: Formosa | C27: 46 | D27: 0.00042289129 | E27: 15 | F27: 0.00026307482 | G27: 6 | H27: 0.0017947951 | I27: 0 | J27: 0 | K27: 0 | L27: 0 | M27: 0 | N27: 0 | O27: 25 | P27: 0.00053002035 | Q27: 0 | R27: 0 | S27: 0 | T27: 0
A28: Jujuy | C28: 44 | D28: 0.00040450471 | E28: 21 | F28: 0.00036830475 | G28: 4 | H28: 0.0011965301 | I28: 0 | J28: 0 | K28: 0 | L28: 0 | M28: 1 | N28: 0.002994012 | O28: 18 | P28: 0.00038161465 | Q28: 0 | R28: 0 | S28: 0 | T28: 0
A29: La Pampa | C29: 80 | D29: 0.00073546311 | E29: 51 | F29: 0.00089445438 | G29: 9 | H29: 0.0026921926 | I29: 3 | J29: 0.0059055118 | K29: 0 | L29: 0 | M29: 0 | N29: 0 | O29: 16 | P29: 0.00033921303 | Q29: 1 | R29: 0.0085470085 | S29: 0 | T29: 0
A30: La Rioja | C30: 24 | D30: 0.00022063893 | E30: 7 | F30: 0.00012276825 | G30: 5 | H30: 0.0014956626 | I30: 0 | J30: 0 | K30: 0 | L30: 0 | M30: 0 | N30: 0 | O30: 12 | P30: 0.00025440977 | Q30: 0 | R30: 0 | S30: 0 | T30: 0
A31: Mendoza | C31: 4766 | D31: 0.043815215 | E31: 2448 | F31: 0.04293381 | G31: 142 | H31: 0.042476817 | I31: 9 | J31: 0.017716535 | K31: 1 | L31: 0.0046082949 | M31: 2 | N31: 0.005988024 | O31: 2158 | P31: 0.045751357 | Q31: 5 | R31: 0.042735043 | S31: 1 | T31: 0.014285714
B32: Gran Mendoza | C32: 3605 | D32: 0.033141806 | E32: 1746 | F32: 0.030621909 | G32: 92 | H32: 0.027520191 | I32: 5 | J32: 0.0098425197 | K32: 1 | L32: 0.0046082949 | M32: 1 | N32: 0.002994012 | O32: 1758 | P32: 0.037271031 | Q32: 1 | R32: 0.0085470085 | S32: 1 | T32: 0.014285714
A33: Misiones | C33: 174 | D33: 0.0015996323 | E33: 55 | F33: 0.00096460767 | G33: 10 | H33: 0.0029913252 | I33: 2 | J33: 0.0039370079 | K33: 0 | L33: 0 | M33: 0 | N33: 0 | O33: 106 | P33: 0.0022472863 | Q33: 1 | R33: 0.0085470085 | S33: 0 | T33: 0
A34: Neuquén | C34: 1094 | D34: 0.010057458 | E34: 535 | F34: 0.0093830019 | G34: 58 | H34: 0.017349686 | I34: 1 | J34: 0.0019685039 | K34: 1 | L34: 0.0046082949 | M34: 0 | N34: 0 | O34: 498 | P34: 0.010558005 | Q34: 0 | R34: 0 | S34: 1 | T34: 0.014285714
A35: Río Negro | C35: 412 | D35: 0.003787635 | E35: 203 | F35: 0.0035602792 | G35: 24 | H35: 0.0071791804 | I35: 0 | J35: 0 | K35: 0 | L35: 0 | M35: 0 | N35: 0 | O35: 185 | P35: 0.0039221506 | Q35: 0 | R35: 0 | S35: 0 | T35: 0
A36: Salta | C36: 69 | D36: 0.00063433693 | E36: 15 | F36: 0.00026307482 | G36: 5 | H36: 0.0014956626 | I36: 2 | J36: 0.0039370079 | K36: 0 | L36: 0 | M36: 0 | N36: 0 | O36: 47 | P36: 0.00099643826 | Q36: 0 | R36: 0 | S36: 0 | T36: 0
A37: San Juan | C37: 96 | D37: 0.00088255573 | E37: 29 | F37: 0.00050861132 | G37: 7 | H37: 0.0020939276 | I37: 0 | J37: 0 | K37: 0 | L37: 0 | M37: 0 | N37: 0 | O37: 60 | P37: 0.0012720488 | Q37: 0 | R37: 0 | S37: 0 | T37: 0
A38: San Luis | C38: 141 | D38: 0.0012962537 | E38: 90 | F38: 0.0015784489 | G38: 11 | H38: 0.0032904577 | I38: 0 | J38: 0 | K38: 0 | L38: 0 | M38: 0 | N38: 0 | O38: 40 | P38: 0.00084803256 | Q38: 0 | R38: 0 | S38: 0 | T38: 0
A39: Santa Cruz | C39: 33 | D39: 0.00030337853 | E39: 21 | F39: 0.00036830475 | G39: 3 | H39: 0.00089739755 | I39: 0 | J39: 0 | K39: 0 | L39: 0 | M39: 0 | N39: 0 | O39: 9 | P39: 0.00019080733 | Q39: 0 | R39: 0 | S39: 0 | T39: 0
A40: Santa Fe | C40: 6705 | D40: 0.061641002 | E40: 3190 | F40: 0.055947245 | G40: 168 | H40: 0.050254263 | I40: 14 | J40: 0.027559055 | K40: 9 | L40: 0.041474654 | M40: 6 | N40: 0.017964072 | O40: 3311 | P40: 0.070195896 | Q40: 6 | R40: 0.051282051 | S40: 1 | T40: 0.014285714
B41: Rosario | C41: 3661 | D41: 0.033656631 | E41: 2006 | F41: 0.035181872 | G41: 67 | H41: 0.020041879 | I41: 4 | J41: 0.0078740157 | K41: 6 | L41: 0.02764977 | M41: 3 | N41: 0.0089820359 | O41: 1573 | P41: 0.033348881 | Q41: 1 | R41: 0.0085470085 | S41: 1 | T41: 0.014285714
A42: Santiago del Estero | C42: 77 | D42: 0.00070788325 | E42: 45 | F42: 0.00078922446 | G42: 6 | H42: 0.0017947951 | I42: 0 | J42: 0 | K42: 0 | L42: 0 | M42: 0 | N42: 0 | O42: 25 | P42: 0.00053002035 | Q42: 1 | R42: 0.0085470085 | S42: 0 | T42: 0
A43: Tierra del Fuego | C43: 49 | D43: 0.00045047116 | E43: 42 | F43: 0.00073660949 | G43: 3 | H43: 0.00089739755 | I43: 1 | J43: 0.0019685039 | K43: 0 | L43: 0 | M43: 0 | N43: 0 | O43: 3 | P43: 6.3602442e-05 | Q43: 0 | R43: 0 | S43: 0 | T43: 0
A44: Tucumán | C44: 510 | D44: 0.0046885773 | E44: 226 | F44: 0.0039636606 | G44: 24 | H44: 0.0071791804 | I44: 2 | J44: 0.0039370079 | K44: 1 | L44: 0.0046082949 | M44: 0 | N44: 0 | O44: 257 | P44: 0.0054486092 | Q44: 0 | R44: 0 | S44: 0 | T44: 0
A45: País limítrofe | C45: 62 | D45: 0.00056998391 | E45: 36 | F45: 0.00063137956 | G45: 18 | H45: 0.0053843853 | I45: 2 | J45: 0.0039370079 | K45: 0 | L45: 0 | M45: 0 | N45: 0 | O45: 5 | P45: 0.00010600407 | Q45: 1 | R45: 0.0085470085 | S45: 0 | T45: 0
A47: Area Metropolitana Buenos Aires (A.M.B.A.) | B47: C.A.B.A.
B48: Zona Gran La Plata, integrada por los partidos de Berisso, Ensenada y La Plata.
B49: Zona Sur, integrada por los partidos de Esteban Echeverría, Ezeiza, Presidente Perón y San Vicente.
B50: Zona Sureste, integrada por los partidos de Almirante Brown, Avellaneda, Berazategui, Florencio Varela y Quilmes.
B51: Zona Suroeste, integrada por los partidos de La Matanza, Lanús y Lomas de Zamora.
B52: Zona Noreste, integrada por los partidos de Escobar, San Fernando, San Isidro, Tigre y Vicente López.
B53: Zona Noroeste, integrada por los partidos de General Rodríguez, Merlo, Moreno y Pilar.
B54: Zona Norte Centro, integrada por los partidos de General San Martín, José C. Paz, Malvinas Argentinas, San Miguel y Tres de Febrero
B55: Zona Oeste, integrada por los partidos de Hurlingham, Ituzaingó, Morón.
A57: Autos | B57: Autómoviles, camionetas rurales, breaks, jeeps hasta 4 cilindros, pick up A.
A58: Camionetas | B58: Jeeps más de 4 cilindros, pick up B, casas rodantes con propulsión propia.
A59: Camiones | B59: Camiones, semitracción.
A60: Máquinas Rurales | B60: Tractores, máquinas rurales, acoplados para trabajos rurales, acoplados, furgones, semirremolques, casas rodantes sin propulsión propia, trailer, bantam.
A61: M1+M2+M3 | B61: M1: vehículo para transporte de pasajeros, que no contenga más de 8 asientos además del asiento del conductor y que cargado no exceda de un peso máximo de 3500 Kg.
B62: M2: vehículo para transporte de pasajeros con más de 8 asientos excluyendo el asiento del conductor, y que no exceda el peso máximo de 5000 Kg.
B63: M3: vehículo para transporte de pasajeros con más de 8 asientos excluyendo el asiento del conductor, y que tenga un peso mayor a los 5000 Kg.

Sheet Cuadro 21
A1: AUTOMOTORES - Coberturas de Casco | V1: INDICE
A2: Cuadro 21: Vehículos Expuestos a Riesgo por Tipo de Vehículo y Jurisdicción. Cobertura de Robo Total. Año 2024
A4: Jurisdicción | C4: Total | D4: Part. % | E4: Autos | F4: Part. % | G4: Camionetas | H4: Part. % | I4: Camiones | J4: Part. % | K4: Taxis | L4: Part. % | M4: Remises | N4: Part. % | O4: Motos | P4: Part. % | Q4: Máq Rurales | R4: Part. % | S4: M1+M2+M3 | T4: Part. %
A5: Total | C5: 9636506.3 | D5: 1 | E5: 7397924.5 | F5: 1 | G5: 799623.16 | H5: 1 | I5: 210163.64 | J5: 1 | K5: 23514.392 | L5: 1 | M5: 17582.704 | N5: 1 | O5: 986112.47 | P5: 1 | Q5: 155081.06 | R5: 1 | S5: 46504.41 | T5: 1
A6: C.A.B.A. | C6: 1037469.3 | D6: 0.10766031 | E6: 825347.42 | F6: 0.11156473 | G6: 59097.901 | H6: 0.07390719 | I6: 25041.878 | J6: 0.11915419 | K6: 14123.41 | L6: 0.60062833 | M6: 3463.8834 | N6: 0.19700515 | O6: 87031.66 | P6: 0.088257337 | Q6: 10481.474 | R6: 0.067587068 | S6: 12881.647 | T6: 0.27699839
A7: A.M.B.A. | C7: 3809356.2 | D7: 0.39530469 | E7: 3027422 | F7: 0.40922585 | G7: 201895.42 | H7: 0.25248821 | I7: 76930.357 | J7: 0.3660498 | K7: 18560.698 | L7: 0.78933354 | M7: 12522.803 | N7: 0.71222282 | O7: 416165.18 | P7: 0.42202608 | Q7: 28810.799 | R7: 0.18577897 | S7: 27048.947 | T7: 0.58164263
A8: Buenos Aires | C8: 4266786.2 | D8: 0.44277314 | E8: 3321686.2 | F8: 0.44900245 | G8: 310935.25 | H8: 0.38885223 | I8: 91790.92 | J8: 0.43675929 | K8: 5971.5917 | L8: 0.25395476 | M8: 10906.357 | N8: 0.62028896 | O8: 446329.11 | P8: 0.45261482 | Q8: 60136.557 | R8: 0.38777501 | S8: 19030.151 | T8: 0.40921176
B9: Gran La Plata | C9: 285398.68 | D9: 0.029616406 | E9: 229838.58 | F9: 0.031067981 | G9: 18173.929 | H9: 0.022728117 | I9: 3365.7027 | J9: 0.016014677 | K9: 418.04939 | L9: 0.017778448 | M9: 893.79498 | N9: 0.05083376 | O9: 29114.307 | P9: 0.029524327 | Q9: 1382.8921 | R9: 0.0089172212 | S9: 2211.4308 | T9: 0.047553141
B10: Noreste | C10: 489640.74 | D10: 0.050811023 | E10: 393942.31 | F10: 0.053250383 | G10: 26052.457 | H10: 0.032580918 | I10: 8307.7533 | J10: 0.039529927 | K10: 342.07373 | L10: 0.01454742 | M10: 1384.0841 | N10: 0.078718498 | O10: 54206.012 | P10: 0.054969401 | Q10: 2722.6956 | R10: 0.017556597 | S10: 2683.3543 | T10: 0.057701071
B11: Noroeste | C11: 303441.04 | D11: 0.031488699 | E11: 236240.71 | F11: 0.031933377 | G11: 17192.271 | H11: 0.021500466 | I11: 6812.5812 | J11: 0.032415604 | K11: 177.05451 | L11: 0.0075296231 | M11: 696.57969 | N11: 0.039617323 | O11: 38347.987 | P11: 0.038888046 | Q11: 3046.079 | R11: 0.019641851 | S11: 927.77816 | T11: 0.019950326
B12: Norte Centro | C12: 379023.51 | D12: 0.039332046 | E12: 299791.19 | F12: 0.040523689 | G12: 17509.525 | H12: 0.02189722 | I12: 8112.866 | J12: 0.038602615 | K12: 594.64828 | L12: 0.025288695 | M12: 1405.8058 | N12: 0.0799539 | O12: 47290.029 | P12: 0.04795602 | Q12: 2675.2984 | R12: 0.017250968 | S12: 1644.1504 | T12: 0.035354719
B13: Oeste | C13: 189328.53 | D13: 0.01964701 | E13: 149641.42 | F13: 0.020227487 | G13: 8001.7598 | H13: 0.010006913 | I13: 3261.2157 | J13: 0.015517507 | K13: 332.00227 | L13: 0.01411911 | M13: 615.42234 | N13: 0.035001575 | O13: 25434.702 | P13: 0.025792902 | Q13: 1119.2584 | R13: 0.0072172481 | S13: 922.74881 | T13: 0.019842179
B14: Sur | C14: 148222.22 | D14: 0.015381323 | E14: 114005.38 | F14: 0.015410454 | G14: 9343.5392 | H14: 0.011684928 | I14: 2895.8113 | J14: 0.013778841 | K14: 77.723923 | L14: 0.0033053767 | M14: 463.45859 | N14: 0.026358777 | O14: 19907.446 | P14: 0.020187805 | Q14: 969.47926 | R14: 0.0062514358 | S14: 559.38388 | T14: 0.01202862
B15: Sureste | C15: 459023.39 | D15: 0.047633797 | E15: 360029.27 | F15: 0.048666253 | G15: 20913.95 | H15: 0.026154757 | I15: 9203.3201 | J15: 0.043791211 | K15: 879.73095 | L15: 0.037412448 | M15: 1657.5964 | N15: 0.094274256 | O15: 60384.515 | P15: 0.061234917 | Q15: 3331.3453 | R15: 0.021481317 | S15: 2623.6612 | T15: 0.05641747
B16: Suroeste | C16: 517808.77 | D16: 0.053734077 | E16: 418585.68 | F16: 0.056581502 | G16: 25610.093 | H16: 0.032027702 | I16: 9929.2284 | J16: 0.047245225 | K16: 1616.0051 | L16: 0.068724088 | M16: 1942.1782 | N16: 0.11045958 | O16: 54448.52 | P16: 0.055215324 | Q16: 3082.2769 | R16: 0.019875264 | S16: 2594.7934 | T16: 0.055796717
B17: Bahía Blanca | C17: 114256.62 | D17: 0.011856644 | E17: 94913.127 | F17: 0.012829697 | G17: 8950.1344 | H17: 0.01119294 | I17: 1795.8824 | J17: 0.0085451623 | K17: 273.94042 | L17: 0.011649905 | M17: 61.524721 | N17: 0.0034991614 | O17: 6140.3848 | P17: 0.0062268605 | Q17: 1759.8006 | R17: 0.011347618 | S17: 361.82949 | T17: 0.0077805415
B18: Gral Pueyrredón | C18: 202546.76 | D18: 0.021018692 | E18: 161828.34 | F18: 0.02187483 | G18: 15719.041 | H18: 0.019658061 | I18: 2906.3923 | J18: 0.013829187 | K18: 770.44904 | L18: 0.032765 | M18: 417.35212 | N18: 0.023736514 | O18: 18459.926 | P18: 0.018719899 | Q18: 2023.9827 | R18: 0.013051128 | S18: 421.27607 | T18: 0.0090588413
B19: Resto Bs As | C19: 1178095.9 | D19: 0.12225342 | E19: 862870.23 | F19: 0.1166368 | G19: 143468.55 | H19: 0.1794202 | I19: 35200.167 | J19: 0.16748933 | K19: 489.91408 | L19: 0.020834648 | M19: 1368.5606 | N19: 0.077835614 | O19: 92595.285 | P19: 0.093899314 | Q19: 38023.449 | R19: 0.24518436 | S19: 4079.745 | T19: 0.087728131
A20: Catamarca | C20: 40702.062 | D20: 0.0042237363 | E20: 28555.015 | F20: 0.0038598684 | G20: 4007.634 | H20: 0.0050119033 | I20: 957.67046 | J20: 0.0045567847 | K20: 13.099667 | L20: 0.00055709149 | M20: 9.9883005 | N20: 0.00056807532 | O20: 6490.4923 | P20: 0.0065818986 | Q20: 543.20333 | R20: 0.0035027059 | S20: 124.95872 | T20: 0.0026870295
A21: Chaco | C21: 118884.38 | D21: 0.012336875 | E21: 78690.319 | F21: 0.01063681 | G21: 11097.273 | H21: 0.013878128 | I21: 2456.6279 | J21: 0.011689119 | K21: 19.193437 | L21: 0.00081624214 | M21: 5.6164677 | N21: 0.00031943139 | O21: 24683.07 | P21: 0.025030685 | Q21: 1704.9168 | R21: 0.010993714 | S21: 227.36001 | T21: 0.0048889989
A22: Chubut | C22: 151837.8 | D22: 0.01575652 | E22: 119333.82 | F22: 0.016130716 | G22: 23041.859 | H22: 0.028815898 | I22: 2465.6754 | J22: 0.011732169 | K22: 182.6354 | L22: 0.0077669626 | M22: 102.57255 | N22: 0.0058337187 | O22: 4728.7363 | P22: 0.0047953316 | Q22: 1132.0777 | R22: 0.0072999097 | S22: 850.4294 | T22: 0.01828707
A23: Córdoba | C23: 954048.48 | D23: 0.099003564 | E23: 739725.42 | F23: 0.099990939 | G23: 93804.875 | H23: 0.11731135 | I23: 19887.367 | J23: 0.094628011 | K23: 955.40222 | L23: 0.040630531 | M23: 858.05019 | N23: 0.048800808 | O23: 74978.203 | P23: 0.07603413 | Q23: 21676.631 | R23: 0.13977614 | S23: 2162.5262 | T23: 0.04650153
B24: Córdoba capital | C24: 316043.39 | D24: 0.03279647 | E24: 250257.84 | F24: 0.033828114 | G24: 16571.682 | H24: 0.020724365 | I24: 4508.0895 | J24: 0.021450378 | K24: 544.39657 | L24: 0.023151633 | M24: 405.74906 | N24: 0.023076601 | O24: 41191.785 | P24: 0.041771894 | Q24: 1913.3861 | R24: 0.012337974 | S24: 650.46661 | T24: 0.013987203
A25: Corrientes | C25: 102985.37 | D25: 0.010687003 | E25: 75888.362 | F25: 0.010258061 | G25: 11036.87 | H25: 0.01380259 | I25: 2523.1047 | J25: 0.012005429 | K25: 5.3842964 | L25: 0.00022897877 | M25: 36.331917 | N25: 0.0020663441 | O25: 11307.516 | P25: 0.011466761 | Q25: 1834.5843 | R25: 0.011829841 | S25: 353.21457 | T25: 0.0075952918
A26: Entre Ríos | C26: 267756.73 | D26: 0.027785664 | E26: 208476.8 | F26: 0.028180445 | G26: 26412.673 | H26: 0.033031401 | I26: 6647.2481 | J26: 0.031628916 | K26: 166.53947 | L26: 0.0070824486 | M26: 188.27677 | N26: 0.010708067 | O26: 18576.294 | P26: 0.018837906 | Q26: 6897.9268 | R26: 0.044479493 | S26: 390.97039 | T26: 0.008407168
A27: Formosa | C27: 39573.798 | D27: 0.004106654 | E27: 28463.187 | F27: 0.0038474557 | G27: 3914.7005 | H27: 0.0048956817 | I27: 483.92906 | J27: 0.0023026298 | K27: 0.057010123 | L27: 2.4244779e-06 | M27: 0.48158935 | N27: 2.7389947e-05 | O27: 6262.1671 | P27: 0.0063503579 | Q27: 407.35254 | R27: 0.0026267073 | S27: 41.92276 | T27: 0.00090147923
A28: Jujuy | C28: 48546.379 | D28: 0.0050377572 | E28: 33808.088 | F28: 0.0045699423 | G28: 5084.4148 | H28: 0.0063585136 | I28: 1290.2228 | J28: 0.0061391341 | K28: 4.5924891 | L28: 0.00019530546 | M28: 11.72078 | N28: 0.00066660849 | O28: 7330.1486 | P28: 0.00743338 | Q28: 851.74014 | R28: 0.0054922256 | S28: 165.45112 | T28: 0.0035577512
A29: La Pampa | C29: 100517.63 | D29: 0.010430921 | E29: 76613.809 | F29: 0.010356122 | G29: 16118.041 | H29: 0.020157046 | I29: 1906.2816 | J29: 0.0090704635 | K29: 69.729783 | L29: 0.0029654087 | M29: 28.882908 | N29: 0.0016426886 | O29: 3155.5961 | P29: 0.0032000367 | Q29: 2380.459 | R29: 0.015349773 | S29: 244.83376 | T29: 0.0052647428
A30: La Rioja | C30: 28955.895 | D30: 0.0030048125 | E30: 21291.477 | F30: 0.0028780338 | G30: 2542.1738 | H30: 0.0031792148 | I30: 359.97658 | J30: 0.0017128395 | K30: 0 | L30: 0 | M30: 0.075052955 | N30: 4.2685672e-06 | O30: 4382.9779 | P30: 0.0044447038 | Q30: 294.36097 | R30: 0.0018981104 | S30: 84.853617 | T30: 0.0018246359
A31: Mendoza | C31: 432753.8 | D31: 0.044907748 | E31: 326114.14 | F31: 0.044081842 | G31: 34432.159 | H31: 0.043060482 | I31: 9333.0698 | J31: 0.044408585 | K31: 262.76632 | L31: 0.011174702 | M31: 282.98756 | N31: 0.016094655 | O31: 53720.59 | P31: 0.054477143 | Q31: 6329.576 | R31: 0.040814631 | S31: 2278.5072 | T31: 0.048995509
B32: Gran Mendoza | C32: 210304.19 | D32: 0.021823697 | E32: 162130.94 | F32: 0.021915733 | G32: 12734.552 | H32: 0.015925692 | I32: 4258.6917 | J32: 0.020263694 | K32: 158.57701 | L32: 0.0067438277 | M32: 211.90605 | N32: 0.01205196 | O32: 26958.62 | P32: 0.027338281 | Q32: 2430.3909 | R32: 0.015671746 | S32: 1420.5172 | T32: 0.030545861
A33: Misiones | C33: 142966.04 | D33: 0.014835879 | E33: 102663.97 | F33: 0.013877402 | G33: 14016.405 | H33: 0.017528764 | I33: 3366.216 | J33: 0.016017119 | K33: 52.259347 | L33: 0.0022224409 | M33: 44.994301 | N33: 0.0025590091 | O33: 20149.691 | P33: 0.020433461 | Q33: 2149.8648 | R33: 0.013862846 | S33: 522.63839 | T33: 0.011238469
A34: Neuquén | C34: 190181.33 | D34: 0.019735506 | E34: 148497.04 | F34: 0.020072797 | G34: 21973.929 | H34: 0.027480356 | I34: 2405.3457 | J34: 0.011445109 | K34: 126.61964 | L34: 0.005384772 | M34: 53.143786 | N34: 0.0030225035 | O34: 14743.016 | P34: 0.014950644 | Q34: 1230.4487 | R34: 0.0079342299 | S34: 1151.7876 | T34: 0.024767276
A35: Río Negro | C35: 211249.74 | D35: 0.021921818 | E35: 167487.12 | F35: 0.022639744 | G35: 21104.704 | H35: 0.026393313 | I35: 2632.0318 | J35: 0.012523726 | K35: 313.48634 | L35: 0.01333168 | M35: 179.70195 | N35: 0.010220381 | O35: 16077.405 | P35: 0.016303825 | Q35: 2365.4484 | R35: 0.015252981 | S35: 1089.8434 | T35: 0.02343527
A36: Salta | C36: 112000.68 | D36: 0.01162254 | E36: 75672.887 | F36: 0.010228935 | G36: 11974.808 | H36: 0.014975564 | I36: 2566.6423 | J36: 0.01221259 | K36: 132.77032 | L36: 0.0056463431 | M36: 96.630781 | N36: 0.005495786 | O36: 19093.201 | P36: 0.019362093 | Q36: 1899.0691 | R36: 0.012245655 | S36: 564.66933 | T36: 0.012142275
A37: San Juan | C37: 75706.602 | D37: 0.0078562292 | E37: 56204.34 | F37: 0.0075973119 | G37: 9917.5736 | H37: 0.012402809 | I37: 1524.9346 | J37: 0.0072559393 | K37: 24.824773 | L37: 0.0010557268 | M37: 8.5310292 | N37: 0.00048519437 | O37: 7153.2515 | P37: 0.0072539915 | Q37: 667.05919 | R37: 0.0043013583 | S37: 206.08775 | T37: 0.0044315743
A38: San Luis | C38: 77462.317 | D38: 0.0080384233 | E38: 58284.437 | F38: 0.007878485 | G38: 7643.406 | H38: 0.0095587601 | I38: 1637.3482 | J38: 0.0077908255 | K38: 57.605646 | L38: 0.0024498038 | M38: 6.5358691 | N38: 0.00037172149 | O38: 8326.2669 | P38: 0.0084435266 | Q38: 1249.4526 | R38: 0.0080567716 | S38: 257.26499 | T38: 0.0055320558
A39: Santa Cruz | C39: 64207.591 | D39: 0.0066629533 | E39: 51084.504 | F39: 0.006905248 | G39: 10021.928 | H39: 0.012533314 | I39: 963.87961 | J39: 0.0045863291 | K39: 3.8006799 | L39: 0.00016163207 | M39: 32.935764 | N39: 0.001873191 | O39: 1022.3193 | P39: 0.0010367167 | Q39: 522.52651 | R39: 0.0033693768 | S39: 555.69763 | T39: 0.011949353
A40: Santa Fe | C40: 882535.12 | D40: 0.091582477 | E40: 642117.07 | F40: 0.086796922 | G40: 73988.747 | H40: 0.09252952 | I40: 22905.714 | J40: 0.1089899 | K40: 728.395 | L40: 0.030976561 | M40: 1097.5004 | N40: 0.062419314 | O40: 113106.06 | P40: 0.11469894 | Q40: 26442.179 | R40: 0.17050554 | S40: 2149.4552 | T40: 0.046220459
B41: Rosario | C41: 241380.81 | D41: 0.025048581 | E41: 170735.11 | F41: 0.023078786 | G41: 10162.532 | H41: 0.012709152 | I41: 4205.0914 | J41: 0.020008653 | K41: 199.89028 | L41: 0.0085007636 | M41: 59.99858 | N41: 0.0034123635 | O41: 52663.434 | P41: 0.053405099 | Q41: 2780.3111 | R41: 0.017928115 | S41: 574.44181 | T41: 0.012352416
A42: Santiago del Estero | C42: 72991.927 | D42: 0.0075745217 | E42: 49412.294 | F42: 0.0066792103 | G42: 7186.1683 | H42: 0.0089869437 | I42: 2562.8561 | J42: 0.012194574 | K42: 136.12127 | L42: 0.0057888491 | M42: 15.661065 | N42: 0.00089070851 | O42: 11915.539 | P42: 0.012083347 | Q42: 1576.0927 | R42: 0.010163025 | S42: 187.19445 | T42: 0.0040253052
A43: Tierra del Fuego | C43: 53036.588 | D43: 0.0055037154 | E43: 43951.496 | F43: 0.0059410576 | G43: 5888.9766 | H43: 0.0073646899 | I43: 1498.8045 | J43: 0.007131607 | K43: 83.19685 | L43: 0.0035381247 | M43: 94.942059 | N43: 0.0053997415 | O43: 739.90148 | P43: 0.0007503216 | Q43: 354.5334 | R43: 0.0022861167 | S43: 424.73756 | T43: 0.0091332748
A44: Tucumán | C44: 163346.81 | D44: 0.016950833 | E44: 118551.43 | F44: 0.016024958 | G44: 14380.693 | H44: 0.017984337 | I44: 2955.893 | J44: 0.014064721 | K44: 80.910196 | L44: 0.0034408798 | M44: 56.902624 | N44: 0.003236284 | O44: 24809.254 | P44: 0.025158646 | Q44: 1953.5219 | R44: 0.01259678 | S44: 558.20813 | T44: 0.012003338
A46: Area Metropolitana Buenos Aires (A.M.B.A.) | B46: C.A.B.A.
B47: Zona Gran La Plata, integrada por los partidos de Berisso, Ensenada y La Plata.
B48: Zona Sur, integrada por los partidos de Esteban Echeverría, Ezeiza, Presidente Perón y San Vicente.
B49: Zona Sureste, integrada por los partidos de Almirante Brown, Avellaneda, Berazategui, Florencio Varela y Quilmes.
B50: Zona Suroeste, integrada por los partidos de La Matanza, Lanús y Lomas de Zamora.
B51: Zona Noreste, integrada por los partidos de Escobar, San Fernando, San Isidro, Tigre y Vicente López.
B52: Zona Noroeste, integrada por los partidos de General Rodríguez, Merlo, Moreno y Pilar.
B53: Zona Norte Centro, integrada por los partidos de General San Martín, José C. Paz, Malvinas Argentinas, San Miguel y Tres de Febrero
B54: Zona Oeste, integrada por los partidos de Hurlingham, Ituzaingó, Morón.
A56: *
A57: Autos | B57: Autómoviles, camionetas rurales, breaks, jeeps hasta 4 cilindros, pick up A.
A58: Camionetas | B58: Jeeps más de 4 cilindros, pick up B, casas rodantes con propulsión propia.
A59: Camiones | B59: Camiones, semitracción.
A60: Máquinas Rurales | B60: Tractores, máquinas rurales, acoplados para trabajos rurales, acoplados, furgones, semirremolques, casas rodantes sin propulsión propia, trailer, bantam.
A61: M1+M2+M3 | B61: M1: vehículo para transporte de pasajeros, que no contenga más de 8 asientos además del asiento del conductor y que cargado no exceda de un peso máximo de 3500 Kg.
B62: M2: vehículo para transporte de pasajeros con más de 8 asientos excluyendo el asiento del conductor, y que no exceda el peso máximo de 5000 Kg.
B63: M3: vehículo para transporte de pasajeros con más de 8 asientos excluyendo el asiento del conductor, y que tenga un peso mayor a los 5000 Kg.

Sheet Cuadro 22
A1: AUTOMOTORES - Coberturas de Casco | M1: INDICE
A2: Cuadro 22: Frecuencia Siniestral de Robo Total por Tipo de Vehículo y Jurisdicción. Año 2024
A4: Jurisdicción | C4: Total | D4: Autos | E4: Camionetas | F4: Camiones | G4: Taxis | H4: Remises | I4: Motos | J4: Máq Rurales | K4: M1+M2+M3
A5: Total | C5: 0.011287805 | D5: 0.0077072968 | E5: 0.0041807193 | F5: 0.0024171641 | G5: 0.0092283909 | H5: 0.01899594 | I5: 0.047832272 | J5: 0.00075444418 | K5: 0.0015052336
A6: C.A.B.A. | C6: 0.012746402 | D6: 0.0074986604 | E6: 0.0049917171 | F6: 0.0015174581 | G6: 0.0026197639 | H6: 0.0046190932 | I6: 0.076305565 | J6: 0.00019081286 | K6: 0.00046577896
A7: A.M.B.A. | C7: 0.020115473 | D7: 0.013680617 | E7: 0.01049058 | F7: 0.0049655301 | G7: 0.010290561 | H7: 0.023397317 | I7: 0.077152058 | J7: 0.0021172617 | K7: 0.0021072909
A8: Buenos Aires | C8: 0.01684195 | D8: 0.011605551 | E8: 0.0068470848 | F8: 0.004542933 | G8: 0.027295905 | H8: 0.027323513 | I8: 0.067564492 | J8: 0.0014965938 | K8: 0.003047795
B9: Gran La Plata | C9: 0.013086956 | D9: 0.0064567055 | E9: 0.004842101 | F9: 0.0017826886 | G9: 0.016744433 | H9: 0.010069423 | I9: 0.073434685 | J9: 0.0014462445 | K9: 0.00045219594
B10: Noreste | C10: 0.0061861682 | D10: 0.0033431291 | E10: 0.0035313368 | F10: 0.0018055423 | G10: 0.011693386 | H10: 0.0043349968 | I10: 0.029387884 | J10: 0 | K10: 0.0007453358
B11: Noroeste | C11: 0.023543288 | D11: 0.015416479 | E11: 0.010760649 | F11: 0.0070457876 | G11: 0.06212776 | H11: 0.041631992 | I11: 0.083811441 | J11: 0.0026263272 | K11: 0.007544907
B12: Norte Centro | C12: 0.029473106 | D12: 0.019026576 | E12: 0.014734838 | F12: 0.0072723992 | G12: 0.03699666 | H12: 0.031298776 | I12: 0.10721076 | J12: 0.0022427405 | K12: 0.004865735
B13: Oeste | C13: 0.027761267 | D13: 0.018363899 | E13: 0.017246206 | F13: 0.0088923893 | G13: 0.030120276 | H13: 0.032498008 | I13: 0.090466953 | J13: 0.0053606922 | K13: 0.0043348742
B14: Sur | C14: 0.020853824 | D14: 0.015051922 | E14: 0.010809608 | F14: 0.01139577 | G14: 0.064330258 | H14: 0.017261521 | I14: 0.060931975 | J14: 0.012377779 | K14: 0.0053630434
B15: Sureste | C15: 0.021944416 | D15: 0.015923705 | E15: 0.013292563 | F15: 0.0048895398 | G15: 0.026144357 | H15: 0.027751026 | I15: 0.065182274 | J15: 0.0021012532 | K15: 0.0019057339
B16: Suroeste | C16: 0.038438901 | D16: 0.03077984 | E16: 0.026669173 | F16: 0.010977691 | G16: 0.044554314 | H16: 0.05921187 | I16: 0.11023257 | J16: 0.0058398388 | K16: 0.0080931299
B17: Bahía Blanca | C17: 0.0021705525 | D17: 0.00084287604 | E17: 0.00022346033 | F17: 0 | G17: 0 | H17: 0 | I17: 0.027034137 | J17: 0 | K17: 0
B18: Gral Pueyrredón | C18: 0.019649783 | D18: 0.0095471533 | E18: 0.0065525626 | F18: 0.00034406918 | G18: 0.011681499 | H18: 0.040732991 | I18: 0.1248109 | J18: 0.00049407537 | K18: 0
B19: Resto Bs As | C19: 0.0035905396 | D19: 0.001966692 | E19: 0.0014010039 | F19: 0.0020454448 | G19: 0 | H19: 0.0029227789 | I19: 0.023964503 | J19: 0.00078898682 | K19: 0.0017157935
A20: Catamarca | C20: 0.0012038702 | D20: 0.00073542248 | E20: 0.00049904757 | F20: 0 | G20: 0 | H20: 0 | I20: 0.0040058595 | J20: 0 | K20: 0
A21: Chaco | C21: 0.0034991982 | D21: 0.00085143892 | E21: 0.00099123453 | F21: 0.00081412412 | G21: 0 | H21: 0 | I21: 0.013612569 | J21: 0 | K21: 0
A22: Chubut | C22: 0.0017189395 | D22: 0.0013910558 | E22: 0.0010849819 | F22: 0 | G22: 0 | H22: 0 | I22: 0.014591636 | J22: 0.00088333159 | K22: 0
A23: Córdoba | C23: 0.0085142424 | D23: 0.0064929498 | E23: 0.0038377536 | F23: 0.00050283177 | G23: 0.0052333979 | H23: 0.012819763 | I23: 0.038984663 | J23: 0.00036906104 | K23: 0.0013872664
B24: Córdoba capital | C24: 0.017972216 | D24: 0.013861704 | E24: 0.012249812 | F24: 0.0017745877 | G24: 0.0073475848 | H24: 0.027110352 | I24: 0.04811639 | J24: 0.00052263367 | K24: 0.0030747158
A25: Corrientes | C25: 0.0013011557 | D25: 0.00064568531 | E25: 0.00072484316 | F25: 0.0015853484 | G25: 0 | H25: 0 | I25: 0.0063674464 | J25: 0.00054508261 | K25: 0
A26: Entre Ríos | C26: 0.0012137884 | D26: 0.00069072434 | E26: 0.00037860613 | F26: 0.00015043819 | G26: 0 | H26: 0 | I26: 0.0091514486 | J26: 0 | K26: 0
A27: Formosa | C27: 0.0011623853 | D27: 0.0005269965 | E27: 0.0015326843 | F27: 0 | G27: 0 | H27: 0 | I27: 0.0039922282 | J27: 0 | K27: 0
A28: Jujuy | C28: 0.00090634978 | D28: 0.00062115314 | E28: 0.00078671788 | F28: 0 | G28: 0 | H28: 0.085318553 | I28: 0.0024556119 | J28: 0 | K28: 0
A29: La Pampa | C29: 0.00079588026 | D29: 0.00066567634 | E29: 0.00055838053 | F29: 0.0015737444 | G29: 0 | H29: 0 | I29: 0.0050703574 | J29: 0.00042008705 | K29: 0
A30: La Rioja | C30: 0.00082884678 | D30: 0.00032877005 | E30: 0.0019668207 | F30: 0 | G30: 0 | H30: 0 | I30: 0.0027378646 | J30: 0 | K30: 0
A31: Mendoza | C31: 0.01101319 | D31: 0.0075065742 | E31: 0.0041240516 | F31: 0.00096431295 | G31: 0.0038056628 | H31: 0.0070674485 | I31: 0.040170817 | J31: 0.00078994232 | K31: 0.00043888384
B32: Gran Mendoza | C32: 0.017141836 | D32: 0.010769074 | E32: 0.0072244392 | F32: 0.0011740695 | G32: 0.0063060845 | H32: 0.0047190725 | I32: 0.065211054 | J32: 0.00041145644 | K32: 0.00070396893
A33: Misiones | C33: 0.0012170723 | D33: 0.00053572835 | E33: 0.00071344969 | F33: 0.00059413893 | G33: 0 | H33: 0 | I33: 0.0052606266 | J33: 0.00046514553 | K33: 0
A34: Neuquén | C34: 0.0057524049 | D34: 0.0036027655 | E34: 0.0026394915 | F34: 0.00041574066 | G34: 0.0078976691 | H34: 0 | I34: 0.033778706 | J34: 0 | K34: 0.00086821565
A35: Río Negro | C35: 0.0019502983 | D35: 0.0012120335 | E35: 0.0011371872 | F35: 0 | G35: 0 | H35: 0 | I35: 0.011506832 | J35: 0 | K35: 0
A36: Salta | C36: 0.0006160677 | D36: 0.00019822159 | E36: 0.00041754323 | F36: 0.00077922817 | G36: 0 | H36: 0 | I36: 0.0024616093 | J36: 0 | K36: 0
A37: San Juan | C37: 0.0012680532 | D37: 0.00051597439 | E37: 0.0007058178 | F37: 0 | G37: 0 | H37: 0 | I37: 0.008387794 | J37: 0 | K37: 0
A38: San Luis | C38: 0.0018202399 | D38: 0.0015441515 | E38: 0.001439149 | F38: 0 | G38: 0 | H38: 0 | I38: 0.0048040737 | J38: 0 | K38: 0
A39: Santa Cruz | C39: 0.00051395792 | D39: 0.00041108357 | E39: 0.00029934359 | F39: 0 | G39: 0 | H39: 0 | I39: 0.008803512 | J39: 0 | K39: 0
A40: Santa Fe | C40: 0.0075974314 | D40: 0.0049679414 | E40: 0.0022706155 | F40: 0.00061120119 | G40: 0.012355933 | H40: 0.0054669686 | I40: 0.02927341 | J40: 0.0002269102 | K40: 0.00046523417
B41: Rosario | C41: 0.015166906 | D41: 0.011749194 | E41: 0.006592845 | F41: 0.00095122784 | G41: 0.030016466 | H41: 0.050001184 | I41: 0.029868922 | J41: 0.00035967198 | K41: 0.0017408204
A42: Santiago del Estero | C42: 0.0010549112 | D42: 0.00091070454 | E42: 0.0008349373 | F42: 0 | G42: 0 | H42: 0 | I42: 0.0020981006 | J42: 0.00063448046 | K42: 0
A43: Tierra del Fuego | C43: 0.0009238905 | D43: 0.00095559888 | E43: 0.00050942637 | F43: 0.00066719844 | G43: 0 | H43: 0 | I43: 0.0040545938 | J43: 0 | K43: 0
A44: Tucumán | C44: 0.0031221914 | D44: 0.0019063457 | E44: 0.0016689043 | F44: 0.00067661448 | G44: 0.012359382 | H44: 0 | I44: 0.010359038 | J44: 0 | K44: 0
A46: Area Metropolitana Buenos Aires (A.M.B.A.) | B46: C.A.B.A.
B47: Zona Gran La Plata, integrada por los partidos de Berisso, Ensenada y La Plata.
B48: Zona Sur, integrada por los partidos de Esteban Echeverría, Ezeiza, Presidente Perón y San Vicente.
B49: Zona Sureste, integrada por los partidos de Almirante Brown, Avellaneda, Berazategui, Florencio Varela y Quilmes.
B50: Zona Suroeste, integrada por los partidos de La Matanza, Lanús y Lomas de Zamora.
B51: Zona Noreste, integrada por los partidos de Escobar, San Fernando, San Isidro, Tigre y Vicente López.
B52: Zona Noroeste, integrada por los partidos de General Rodríguez, Merlo, Moreno y Pilar.
B53: Zona Norte Centro, integrada por los partidos de General San Martín, José C. Paz, Malvinas Argentinas, San Miguel y Tres de Febrero
B54: Zona Oeste, integrada por los partidos de Hurlingham, Ituzaingó, Morón.
A57: Autos | B57: Autómoviles, camionetas rurales, breaks, jeeps hasta 4 cilindros, pick up A.
A58: Camionetas | B58: Jeeps más de 4 cilindros, pick up B, casas rodantes con propulsión propia.
A59: Camiones | B59: Camiones, semitracción.
A60: Máquinas Rurales | B60: Tractores, máquinas rurales, acoplados para trabajos rurales, acoplados, furgones, semirremolques, casas rodantes sin propulsión propia, trailer, bantam.
A61: M1+M2+M3 | B61: M1: vehículo para transporte de pasajeros, que no contenga más de 8 asientos además del asiento del conductor y que cargado no exceda de un peso máximo de 3500 Kg.
B62: M2: vehículo para transporte de pasajeros con más de 8 asientos excluyendo el asiento del conductor, y que no exceda el peso máximo de 5000 Kg.
B63: M3: vehículo para transporte de pasajeros con más de 8 asientos excluyendo el asiento del conductor, y que tenga un peso mayor a los 5000 Kg.

Sheet Cuadro 23
A1: AUTOMOTORES - Coberturas de Casco | P1: INDICE
A2: Cuadro 23: Siniestros de Robo Total. Frecuencia Siniestral. Principales Tipos de Vehículo, Jurisdicciones y Zonas.
A4: Jurisdicción / Zona | C4: Total | F4: Autos | I4: Camionetas | L4: Motos
C5: 2024 | D5: 2023 | E5: Var. (en p.p.)* | F5: 2024 | G5: 2023 | H5: Var. (en p.p.)* | I5: 2024 | J5: 2023 | K5: Var. (en p.p.)* | L5: 2024 | M5: 2023 | N5: Var. (en p.p.)*
A6: Total | C6: 0.011287809 | D6: 0.010358646 | E6: 0.09 | F6: 0.0077073008 | G6: 0.0066800431 | H6: 0.1 | I6: 0.0041807193 | J6: 0.0038794841 | K6: 0.03 | L6: 0.047832272 | M6: 0.047137864 | N6: 0.07
A7: C.A.B.A. | C7: 0.012746402 | D7: 0.012230342 | E7: 0.05 | F7: 0.0074986604 | G7: 0.0062922485 | H7: 0.12 | I7: 0.0049917171 | J7: 0.0045506176 | K7: 0.04 | L7: 0.076305565 | M7: 0.071813511 | N7: 0.45
A8: A.M.B.A. | C8: 0.020115473 | D8: 0.01781746 | E8: 0.23 | F8: 0.013680617 | G8: 0.011572179 | H8: 0.21 | I8: 0.01049058 | J8: 0.0089692 | K8: 0.15 | L8: 0.077152058 | M8: 0.070166154 | N8: 0.7
A9: Buenos Aires | C9: 0.01684195 | D9: 0.014711448 | E9: 0.21 | F9: 0.011605551 | G9: 0.0098271752 | H9: 0.18 | I9: 0.0068470848 | J9: 0.0062902736 | K9: 0.05 | L9: 0.067564492 | M9: 0.060177787 | N9: 0.74
B10: Gran La Plata | C10: 0.013086956 | D10: 0.011124126 | E10: 0.2 | F10: 0.0064567055 | G10: 0.0049010428 | H10: 0.16 | I10: 0.004842101 | J10: 0.0057092975 | K10: -0.09 | L10: 0.073434685 | M10: 0.069515432 | N10: 0.39
B11: Noreste | C11: 0.0061861682 | D11: 0.0064817022 | E11: -0.03 | F11: 0.0033431291 | G11: 0.0034331342 | H11: -0.01 | I11: 0.0035313368 | J11: 0.00291252 | K11: 0.06 | L11: 0.029387884 | M11: 0.029787508 | N11: -0.04
B12: Noroeste | C12: 0.023543288 | D12: 0.018929617 | E12: 0.46 | F12: 0.015416479 | G12: 0.01205577 | H12: 0.33 | I12: 0.010760649 | J12: 0.0074262443 | K12: 0.34 | L12: 0.083811441 | M12: 0.068461212 | N12: 1.53
B13: Norte Centro | C13: 0.029473106 | D13: 0.026058486 | E13: 0.34 | F13: 0.019026576 | G13: 0.015864818 | H13: 0.31 | I13: 0.014734838 | J13: 0.011725722 | K13: 0.3 | L13: 0.10721076 | M13: 0.10023874 | N13: 0.7
B14: Oeste | C14: 0.027761267 | D14: 0.022291241 | E14: 0.55 | F14: 0.018363899 | G14: 0.015348269 | H14: 0.31 | I14: 0.017246206 | J14: 0.015985463 | K14: 0.12 | L14: 0.090466953 | M14: 0.066545399 | N14: 2.4
B15: Sur | C15: 0.020853824 | D15: 0.018758003 | E15: 0.21 | F15: 0.015051922 | G15: 0.012354725 | H15: 0.27 | I15: 0.010809608 | J15: 0.0069675573 | K15: 0.38 | L15: 0.060931975 | M15: 0.065944593 | N15: -0.5
B16: Sureste | C16: 0.021944416 | D16: 0.01887957 | E16: 0.3 | F16: 0.015923705 | G16: 0.013250727 | H16: 0.26 | I16: 0.013292563 | J16: 0.013562537 | K16: -0.03 | L16: 0.065182274 | M16: 0.060285965 | N16: 0.49
B17: Suroeste | C17: 0.038438901 | D17: 0.032163707 | E17: 0.62 | F17: 0.03077984 | G17: 0.0253698 | H17: 0.54 | I17: 0.026669173 | J17: 0.020736774 | K17: 0.6 | L17: 0.11023257 | M17: 0.096143668 | N17: 1.41
B18: Bahía Blanca | C18: 0.0021705525 | D18: 0.0019487681 | E18: 0.03 | F18: 0.00084287604 | G18: 0.00071678594 | H18: 0.01 | I18: 0.00022346033 | J18: 0.0004528258 | K18: -0.03 | L18: 0.027034137 | M18: 0.025206603 | N18: 0.18
B19: General Pueyrredón | C19: 0.019649783 | D19: 0.01361001 | E19: 0.6 | F19: 0.0095471533 | G19: 0.0070596076 | H19: 0.24 | I19: 0.0065525626 | J19: 0.0063770498 | K19: 0.02 | L19: 0.1248109 | M19: 0.08118237 | N19: 4.36
B20: Resto Bs As | C20: 0.0035905396 | D20: 0.0034294901 | E20: 0.02 | F20: 0.001966692 | G20: 0.0018839111 | H20: 0.01 | I20: 0.0014010039 | J20: 0.0016038386 | K20: -0.02 | L20: 0.023964503 | M20: 0.021979405 | N20: 0.2
B21: Córdoba capital | C21: 0.017972216 | D21: 0.01704417 | E21: 0.1 | F21: 0.013861704 | G21: 0.012837735 | H21: 0.11 | I21: 0.012249812 | J21: 0.0095324249 | K21: 0.27 | L21: 0.04811639 | M21: 0.049303889 | N21: -0.12
... B23: Rosario | C23: 0.015166906 | D23: 0.016352855 | E23: -0.12 | F23: 0.011749194 | G23: 0.0098719613 | H23: 0.18 | I23: 0.006592845 | J23: 0.0069670452 | K23: -0.04 | L23: 0.029868922 | M23: 0.044672447 | N23: -1.48
A24: Resto del País | C24: 0.0030141485 | D24: 0.00081007242 | E24: 0.22 | F24: 0.0018959677 | G24: 0.00046783523 | H24: 0.14 | I24: 0.0014277613 | J24: 0.00047278594 | K24: 0.09 | L24: 0.015237792 | M24: 0.0041005659 | N24: 1.11
A26: * puntos porcentuales
A28: Area Metropolitana Buenos Aires (A.M.B.A.) | C28: C.A.B.A.
C29: Zona Gran La Plata, integrada por los partidos de Berisso, Ensenada y La Plata.
C30: Zona Sur, integrada por los partidos de Esteban Echeverría, Ezeiza, Presidente Perón y San Vicente.
C31: Zona Sureste, integrada por los partidos de Almirante Brown, Avellaneda, Berazategui, Florencio Varela y Quilmes.
C32: Zona Suroeste, integrada por los partidos de La Matanza, Lanús y Lomas de Zamora.
C33: Zona Noreste, integrada por los partidos de Escobar, San Fernando, San Isidro, Tigre y Vicente López.
C34: Zona Noroeste, integrada por los partidos de General Rodríguez, Merlo, Moreno y Pilar.
C35: Zona Norte Centro, integrada por los partidos de General San Martín, José C. Paz, Malvinas Argentinas, San Miguel y Tres de Febrero
C36: Zona Oeste, integrada por los partidos de Hurlingham, Ituzaingó, Morón.
A38: *
A39: Autos | C39: Autómoviles, camionetas rurales, breaks, jeeps hasta 4 cilindros, pick up A.
A40: Camionetas | C40: Jeeps más de 4 cilindros, pick up B, casas rodantes con propulsión propia.
A41: Camiones | C41: Camiones, semitracción.
A42: Máquinas Rurales | C42: Tractores, máquinas rurales, acoplados para trabajos rurales, acoplados, furgones, semirremolques, casas rodantes sin propulsión propia, trailer, bantam.
A43: M1+M2+M3 | C43: M1: vehículo para transporte de pasajeros, que no contenga más de 8 asientos además del asiento del conductor y que cargado no exceda de un peso máximo de 3500 Kg.
C44: M2: vehículo para transporte de pasajeros con más de 8 asientos excluyendo el asiento del conductor, y que no exceda el peso máximo de 5000 Kg.
C45: M3: vehículo para transporte de pasajeros con más de 8 asientos excluyendo el asiento del conductor, y que tenga un peso mayor a los 5000 Kg.

Sheet Cuadro 24
A1: AUTOMOTORES - Coberturas de Casco | J1: INDICE
A2: Cuadro 24: Siniestros de Robo Total. Partidos del Área Metropolitana. Año 2024
A4: Jurisdicción | B4: Zona | C4: Partido | D4: Cantidad de Siniestros de Robo Total | E4: Part. % | F4: Frecuencia Siniestral | G4: Var. (en p.p.)*
A5: Total | D5: 108775 | E5: 1 | F5: 0.011287809 | G5: 0.09
A6: C.A.B.A. | D6: 13224 | E6: 0.12157205 | F6: 0.012746402 | G6: 0.05
A7: A.M.B.A. | D7: 76627 | E7: 0.70445415 | F7: 0.020115473 | G7: 0.23
A8: Buenos Aires | D8: 71861 | E8: 0.66063893 | F8: 0.01684195 | G8: 0.21
B9: Gran La Plata | D9: 3735 | E9: 0.034336934 | F9: 0.013086956 | G9: 0.2
C10: Berisso | D10: 269 | E10: 0.0024729947 | F10: 0.012181719 | G10: 0.3
C11: Ensenada | D11: 90 | E11: 0.000827396 | F11: 0.0061993384 | G11: -0.16
C12: La Plata | D12: 3376 | E12: 0.031036543 | F12: 0.013569201 | G12: 0.21
B13: Noreste | D13: 3029 | E13: 0.027846472 | F13: 0.0061861682 | G13: -0.03
C14: Escobar | D14: 575 | E14: 0.0052861411 | F14: 0.006703071 | G14: 0.06
C15: San Fernando | D15: 337 | E15: 0.0030981384 | F15: 0.0081219222 | G15: 0.05
C16: San Isidro | D16: 840 | E16: 0.0077223627 | F16: 0.0062056138 | G16: -0.06
C17: Tigre | D17: 667 | E17: 0.0061319237 | F17: 0.0059152451 | G17: -0.02
C18: Vicente Lopez | D18: 610 | E18: 0.0056079062 | F18: 0.005339368 | G18: -0.11
B19: Noroeste | D19: 7144 | E19: 0.065676856 | F19: 0.023543288 | G19: 0.46
C20: General Rodriguez | D20: 692 | E20: 0.0063617559 | F20: 0.020244931 | G20: 0.19
C21: Merlo | D21: 2543 | E21: 0.023378534 | F21: 0.028661402 | G21: 0.63
C22: Moreno | D22: 2975 | E22: 0.027350034 | F22: 0.036501436 | G22: 0.65
C23: Pilar | D23: 934 | E23: 0.0085865318 | F23: 0.0094314465 | G23: 0.19
B24: Norte Centro | D24: 11171 | E24: 0.10269823 | F24: 0.029473106 | G24: 0.34
C25: Jose C. Paz | D25: 1996 | E25: 0.018349805 | F25: 0.048224519 | G25: 0.95
C26: Malvinas Argentinas | D26: 1612 | E26: 0.014819582 | F26: 0.023166938 | G26: 0.22
C27: San Martin | D27: 3011 | E27: 0.027680993 | F27: 0.027831207 | G27: 0.18
C28: San Miguel | D28: 776 | E28: 0.0071339922 | F28: 0.011808479 | G28: 0.15
C29: Tres de febrero | D29: 3776 | E29: 0.034713859 | F29: 0.04010687 | G29: 0.47
B30: Oeste | D30: 5256 | E30: 0.048319926 | F30: 0.027761267 | G30: 0.55
C31: Hurlingham | D31: 777 | E31: 0.0071431855 | F31: 0.017034413 | G31: 0.22
C32: Ituzaingo | D32: 1117 | E32: 0.010268904 | F32: 0.021339183 | G32: 0.4
C33: Morón | D33: 3362 | E33: 0.030907837 | F33: 0.036795461 | G33: 0.8
B34: Sur | D34: 3091 | E34: 0.028416456 | F34: 0.020853824 | G34: 0.21
C35: Esteban Echeverria | D35: 2194 | E35: 0.020170076 | F35: 0.03608547 | G35: 0.28
C36: Ezeiza | D36: 292 | E36: 0.0026844404 | F36: 0.0062974135 | G36: 0.15
C37: Presidente Peron | D37: 355 | E37: 0.0032636176 | F37: 0.023219488 | G37: 0.02
C38: San Vicente | D38: 250 | E38: 0.0022983222 | F38: 0.009703086 | G38: 0.17
B39: Sureste | D39: 10073 | E39: 0.092603999 | F39: 0.021944416 | G39: 0.3
C40: Almirante Brown | D40: 2563 | E40: 0.023562399 | F40: 0.024840204 | G40: 0.05
C41: Avellaneda | D41: 1962 | E41: 0.018037233 | F41: 0.021580785 | G41: 0.25
C42: Berazategui | D42: 1382 | E42: 0.012705125 | F42: 0.019192535 | G42: 0.59
C43: Florencio Varela | D43: 1206 | E43: 0.011087106 | F43: 0.020334093 | G43: 0.26
C44: Quilmes | D44: 2960 | E44: 0.027212135 | F44: 0.022153491 | G44: 0.38
B45: Suroeste | D45: 19904 | E45: 0.18298322 | F45: 0.038438901 | G45: 0.62
C46: La Matanza | D46: 13299 | E46: 0.12226155 | F46: 0.049893386 | G46: 0.93
C47: Lanus | D47: 2730 | E47: 0.025097679 | F47: 0.024265235 | G47: 0.27
C48: Lomas de Zamora | D48: 3875 | E48: 0.035623994 | F48: 0.027927168 | G48: 0.35
B49: Bahia Blanca | D49: 248 | E49: 0.0022799356 | F49: 0.0021705525 | G49: 0.03
B50: General Pueyrredon | D50: 3980 | E50: 0.03658929 | F50: 0.019649783 | G50: 0.6
B51: Resto de Buenos Aires | D51: 4230 | E51: 0.038887612 | F51: 0.0035905396 | G51: 0.02
B52: Córdoba Capital | D52: 5680 | E52: 0.052217881 | F52: 0.017972216 | G52: 0.1
B53: Gran Mendoza | D53: 3605 | E53: 0.033141806 | F53: 0.017141836 | G53: 0.24
B54: Rosario | D54: 3661 | E54: 0.033656631 | F54: 0.015166906 | G54: -0.12
A55: Resto del País | D55: 10744 | E55: 0.098772696 | F55: 0.0030141517 | G55: 0
A57: * puntos porcentuales
A59: Area Metropolitana Buenos Aires (A.M.B.A.) | B59: C.A.B.A.
B60: Zona Gran La Plata, integrada por los partidos de Berisso, Ensenada y La Plata.
B61: Zona Sur, integrada por los partidos de Esteban Echeverría, Ezeiza, Presidente Perón y San Vicente.
B62: Zona Sureste, integrada por los partidos de Almirante Brown, Avellaneda, Berazategui, Florencio Varela y Quilmes.
B63: Zona Suroeste, integrada por los partidos de La Matanza, Lanús y Lomas de Zamora.
B64: Zona Noreste, integrada por los partidos de Escobar, San Fernando, San Isidro, Tigre y Vicente López.
B65: Zona Noroeste, integrada por los partidos de General Rodríguez, Merlo, Moreno y Pilar.
B66: Zona Norte Centro, integrada por los partidos de General San Martín, José C. Paz, Malvinas Argentinas, San Miguel y Tres de Febrero
B67: Zona Oeste, integrada por los partidos de Hurlingham, Ituzaingó, Morón.

Sheet Cuadro 25
A1: AUTOMOTORES - Coberturas de Casco | R1: INDICE
A2: Cuadro 25: Siniestros de Robo Total. Partidos del Área Metropolitana. Por año
A4: Jurisdicción | B4: Zona | C4: Partido | D4: Año | N4: Part. 2024 | O4: Var. | P4: Var.
O5: (24 / 23) | P5: (24 / 15)
D6: 2015 | E6: 2016 | F6: 2017 | G6: 2018 | H6: 2019 | I6: 2020 | J6: 2021 | K6: 2022 | L6: 2023 | M6: 2024 | N6: % | O6: % | P6: %
A7: Total | D7: 66872 | E7: 69988 | F7: 68320 | G7: 68736 | H7: 74237 | I7: 54257 | J7: 65867 | K7: 83572 | L7: 104051 | M7: 108775 | N7: 1 | O7: 0.045400813 | P7: 0.62661503
A8: C.A.B.A. | D8: 8927 | E8: 10131 | F8: 10255 | G8: 10155 | H8: 9009 | I8: 5713 | J8: 7765 | K8: 10831 | L8: 12781 | M8: 13224 | N8: 0.12157205 | O8: 0.034660825 | P8: 0.48134872
A9: A.M.B.A. | D9: 48369 | E9: 50603 | F9: 51067 | G9: 51012 | H9: 53967 | I9: 38200 | J9: 47482 | K9: 60083 | L9: 73333 | M9: 76627 | N9: 0.70445415 | O9: 0.044918386 | P9: 0.58421716
A10: Buenos Aires | D10: 43794 | E10: 44330 | F10: 44707 | G10: 45011 | H10: 49665 | I10: 36144 | J10: 43964 | K10: 54493 | L10: 67650 | M10: 71861 | N10: 0.66063893 | O10: 0.062246859 | P10: 0.64088688
B11: Gran La Plata | D11: 1772 | E11: 1867 | F11: 1923 | G11: 1925 | H11: 2446 | I11: 1831 | J11: 2145 | K11: 2968 | L11: 3683 | M11: 3735 | N11: 0.034336934 | O11: 0.014118925 | P11: 1.1077878
C12: Berisso | D12: 85 | E12: 104 | F12: 97 | G12: 95 | H12: 144 | I12: 87 | J12: 128 | K12: 189 | L12: 226 | M12: 269 | N12: 0.0024729947 | O12: 0.19026549 | P12: 2.1647059
C13: Ensenada | D13: 51 | E13: 56 | F13: 61 | G13: 56 | H13: 65 | I13: 49 | J13: 49 | K13: 86 | L13: 116 | M13: 90 | N13: 0.000827396 | O13: -0.22413793 | P13: 0.76470588
C14: La Plata | D14: 1636 | E14: 1707 | F14: 1765 | G14: 1774 | H14: 2237 | I14: 1695 | J14: 1968 | K14: 2693 | L14: 3341 | M14: 3376 | N14: 0.031036543 | O14: 0.010475905 | P14: 1.0635697
B15: Noreste | D15: 3314 | E15: 3362 | F15: 3741 | G15: 3076 | H15: 3322 | I15: 2021 | J15: 2341 | K15: 3015 | L15: 3277 | M15: 3029 | N15: 0.027846472 | O15: -0.075678975 | P15: -0.085998793
C16: Escobar | D16: 522 | E16: 543 | F16: 854 | G16: 456 | H16: 487 | I16: 332 | J16: 455 | K16: 510 | L16: 598 | M16: 575 | N16: 0.0052861411 | O16: -0.038461538 | P16: 0.10153257
C17: San Fernando | D17: 274 | E17: 324 | F17: 360 | G17: 320 | H17: 358 | I17: 200 | J17: 209 | K17: 312 | L17: 319 | M17: 337 | N17: 0.0030981384 | O17: 0.056426332 | P17: 0.22992701
C18: San Isidro | D18: 669 | E18: 694 | F18: 866 | G18: 731 | H18: 804 | I18: 521 | J18: 550 | K18: 736 | L18: 929 | M18: 840 | N18: 0.0077223627 | O18: -0.095801938 | P18: 0.25560538
C19: Tigre | D19: 666 | E19: 742 | F19: 672 | G19: 592 | H19: 597 | I19: 421 | J19: 464 | K19: 584 | L19: 706 | M19: 667 | N19: 0.0061319237 | O19: -0.055240793 | P19: 0.0015015015
C20: Vicente Lopez | D20: 1183 | E20: 1059 | F20: 989 | G20: 977 | H20: 1076 | I20: 547 | J20: 663 | K20: 873 | L20: 725 | M20: 610 | N20: 0.0056079062 | O20: -0.15862069 | P20: -0.48436179
B21: Noroeste | D21: 3844 | E21: 4426 | F21: 4073 | G21: 4304 | H21: 4709 | I21: 3390 | J21: 4201 | K21: 4785 | L21: 6446 | M21: 7144 | N21: 0.065676856 | O21: 0.10828421 | P21: 0.85848075
C22: General Rodriguez | D22: 212 | E22: 297 | F22: 281 | G22: 261 | H22: 357 | I22: 295 | J22: 365 | K22: 438 | L22: 658 | M22: 692 | N22: 0.0063617559 | O22: 0.051671733 | P22: 2.2641509
C23: Merlo | D23: 1280 | E23: 1590 | F23: 1307 | G23: 1483 | H23: 1788 | I23: 1123 | J23: 1383 | K23: 1632 | L23: 2160 | M23: 2543 | N23: 0.023378534 | O23: 0.17731481 | P23: 0.98671875
C24: Moreno | D24: 1576 | E24: 1757 | F24: 1657 | G24: 1829 | H24: 1792 | I24: 1384 | J24: 1776 | K24: 2049 | L24: 2755 | M24: 2975 | N24: 0.027350034 | O24: 0.079854809 | P24: 0.88769036
C25: Pilar | D25: 776 | E25: 782 | F25: 828 | G25: 731 | H25: 772 | I25: 588 | J25: 677 | K25: 666 | L25: 873 | M25: 934 | N25: 0.0085865318 | O25: 0.069873998 | P25: 0.20360825
B26: Norte Centro | D26: 7583 | E26: 7231 | F26: 7261 | G26: 7012 | H26: 7288 | I26: 5378 | J26: 6537 | K26: 8671 | L26: 10914 | M26: 11171 | N26: 0.10269823 | O26: 0.023547737 | P26: 0.47316366
C27: Jose C. Paz | D27: 841 | E27: 919 | F27: 942 | G27: 961 | H27: 1000 | I27: 898 | J27: 1205 | K27: 1577 | L27: 1779 | M27: 1996 | N27: 0.018349805 | O27: 0.12197864 | P27: 1.373365
C28: Malvinas Argentinas | D28: 940 | E28: 976 | F28: 1019 | G28: 1126 | H28: 1199 | I28: 886 | J28: 1057 | K28: 1412 | L28: 1651 | M28: 1612 | N28: 0.014819582 | O28: -0.023622047 | P28: 0.71489362
C29: San Martin | D29: 2271 | E29: 2029 | F29: 2186 | G29: 2043 | H29: 2020 | I29: 1427 | J29: 1896 | K29: 2315 | L29: 3030 | M29: 3011 | N29: 0.027680993 | O29: -0.0062706271 | P29: 0.32584764
C30: San Miguel | D30: 820 | E30: 923 | F30: 841 | G30: 704 | H30: 681 | I30: 491 | J30: 507 | K30: 610 | L30: 750 | M30: 776 | N30: 0.0071339922 | O30: 0.034666667 | P30: -0.053658537
C31: Tres de febrero | D31: 2711 | E31: 2384 | F31: 2273 | G31: 2178 | H31: 2388 | I31: 1676 | J31: 1872 | K31: 2757 | L31: 3704 | M31: 3776 | N31: 0.034713859 | O31: 0.019438445 | P31: 0.39284397
B32: Oeste | D32: 3325 | E32: 3612 | F32: 3252 | G32: 3292 | H32: 3276 | I32: 2383 | J32: 2816 | K32: 3902 | L32: 4758 | M32: 5256 | N32: 0.048319926 | O32: 0.10466583 | P32: 0.58075188
C33: Hurlingham | D33: 605 | E33: 607 | F33: 593 | G33: 563 | H33: 576 | I33: 397 | J33: 454 | K33: 621 | L33: 741 | M33: 777 | N33: 0.0071431855 | O33: 0.048582996 | P33: 0.28429752
C34: Ituzaingo | D34: 737 | E34: 902 | F34: 867 | G34: 923 | H34: 792 | I34: 624 | J34: 716 | K34: 840 | L34: 1036 | M34: 1117 | N34: 0.010268904 | O34: 0.078185328 | P34: 0.5156038
C35: Morón | D35: 1983 | E35: 2103 | F35: 1792 | G35: 1806 | H35: 1908 | I35: 1362 | J35: 1646 | K35: 2441 | L35: 2981 | M35: 3362 | N35: 0.030907837 | O35: 0.12780946 | P35: 0.69541099
B36: Sur | D36: 1647 | E36: 1890 | F36: 1871 | G36: 1904 | H36: 2356 | I36: 1544 | J36: 1778 | K36: 2625 | L36: 3089 | M36: 3091 | N36: 0.028416456 | O36: 0.00064745872 | P36: 0.8767456
C37: Esteban Echeverria | D37: 1320 | E37: 1515 | F37: 1448 | G37: 1459 | H37: 1826 | I37: 1221 | J37: 1308 | K37: 1974 | L37: 2239 | M37: 2194 | N37: 0.020170076 | O37: -0.020098258 | P37: 0.66212121
C38: Ezeiza | D38: 101 | E38: 108 | F38: 122 | G38: 119 | H38: 138 | I38: 77 | J38: 96 | K38: 196 | L38: 243 | M38: 292 | N38: 0.0026844404 | O38: 0.20164609 | P38: 1.8910891
C39: Presidente Peron | D39: 111 | E39: 126 | F39: 158 | G39: 179 | H39: 195 | I39: 132 | J39: 217 | K39: 265 | L39: 355 | M39: 355 | N39: 0.0032636176 | O39: 0 | P39: 2.1981982
C40: San Vicente | D40: 115 | E40: 141 | F40: 143 | G40: 147 | H40: 197 | I40: 114 | J40: 157 | K40: 190 | L40: 252 | M40: 250 | N40: 0.0022983222 | O40: -0.0079365079 | P40: 1.173913
B41: Sureste | D41: 6683 | E41: 6619 | F41: 7352 | G41: 7287 | H41: 8018 | I41: 5769 | J41: 7125 | K41: 8282 | L41: 9829 | M41: 10073 | N41: 0.092603999 | O41: 0.024824499 | P41: 0.50725722
C42: Almirante Brown | D42: 1613 | E42: 1578 | F42: 1754 | G42: 1874 | H42: 2200 | I42: 1515 | J42: 1835 | K42: 2380 | L42: 2702 | M42: 2563 | N42: 0.023562399 | O42: -0.051443375 | P42: 0.58896466
C43: Avellaneda | D43: 1697 | E43: 1761 | F43: 1801 | G43: 1939 | H43: 2056 | I43: 1332 | J43: 1469 | K43: 1777 | L43: 2006 | M43: 1962 | N43: 0.018037233 | O43: -0.021934197 | P43: 0.15615793
C44: Berazategui | D44: 611 | E44: 560 | F44: 760 | G44: 626 | H44: 719 | I44: 562 | J44: 768 | K44: 820 | L44: 1115 | M44: 1382 | N44: 0.012705125 | O44: 0.23946188 | P44: 1.2618658
C45: Florencio Varela | D45: 659 | E45: 687 | F45: 683 | G45: 717 | H45: 796 | I45: 590 | J45: 988 | K45: 827 | L45: 1148 | M45: 1206 | N45: 0.011087106 | O45: 0.050522648 | P45: 0.83004552
C46: Quilmes | D46: 2103 | E46: 2033 | F46: 2354 | G46: 2131 | H46: 2247 | I46: 1770 | J46: 2065 | K46: 2478 | L46: 2858 | M46: 2960 | N46: 0.027212135 | O46: 0.035689293 | P46: 0.40751308
B47: Suroeste | D47: 11274 | E47: 11466 | F47: 11339 | G47: 12057 | H47: 13544 | I47: 10171 | J47: 12774 | K47: 15005 | L47: 18556 | M47: 19904 | N47: 0.18298322 | O47: 0.072644967 | P47: 0.76547809
C48: La Matanza | D48: 5544 | E48: 5707 | F48: 6284 | G48: 6940 | H48: 8025 | I48: 6168 | J48: 7936 | K48: 9923 | L48: 12110 | M48: 13299 | N48: 0.12226155 | O48: 0.09818332 | P48: 1.3988095
C49: Lanus | D49: 2923 | E49: 2903 | F49: 2395 | G49: 2401 | H49: 2310 | I49: 1654 | J49: 1946 | K49: 2126 | L49: 2737 | M49: 2730 | N49: 0.025097679 | O49: -0.0025575448 | P49: -0.066028053
C50: Lomas de Zamora | D50: 2807 | E50: 2856 | F50: 2660 | G50: 2716 | H50: 3209 | I50: 2349 | J50: 2892 | K50: 2956 | L50: 3709 | M50: 3875 | N50: 0.035623994 | O50: 0.044755999 | P50: 0.38047738
B51: Bahia Blanca | D51: 119 | E51: 115 | F51: 122 | G51: 91 | H51: 138 | I51: 91 | J51: 148 | K51: 183 | L51: 233 | M51: 248 | N51: 0.0022799356 | O51: 0.064377682 | P51: 1.0840336
B52: General Pueyrredon | D52: 1926 | E52: 1365 | F52: 1468 | G52: 1690 | H52: 2116 | I52: 1609 | J52: 1690 | K52: 1910 | L52: 2716 | M52: 3980 | N52: 0.03658929 | O52: 0.46539028 | P52: 1.066459
B53: Resto de Buenos Aires | D53: 2307 | E53: 2377 | F53: 2305 | G53: 2373 | H53: 2452 | I53: 1957 | J53: 2409 | K53: 3147 | L53: 4149 | M53: 4230 | N53: 0.038887612 | O53: 0.019522777 | P53: 0.83355007
B54: Córdoba Capital | D54: 3982 | E54: 4490 | F54: 3853 | G54: 3569 | H54: 3960 | I54: 2777 | J54: 2987 | K54: 4141 | L54: 5421 | M54: 5680 | N54: 0.052217881 | O54: 0.047777163 | P54: 0.42641888
B55: Gran Mendoza | D55: 2875 | E55: 2970 | F55: 2513 | G55: 2422 | H55: 2600 | I55: 1776 | J55: 1937 | K55: 2466 | L55: 3376 | M55: 3605 | N55: 0.033141806 | O55: 0.067831754 | P55: 0.25391304
B56: Rosario | D56: 2286 | E56: 2304 | F56: 1773 | G56: 2006 | H56: 2723 | I56: 2387 | J56: 2360 | K56: 3231 | L56: 4209 | M56: 3661 | N56: 0.033656631 | O56: -0.1301972 | P56: 0.60148731
A57: Resto del País | D57: 5008 | E57: 5763 | F57: 5219 | G57: 5573 | H57: 6280 | I57: 5460 | J57: 6854 | K57: 8410 | L57: 10614 | M57: 10744 | N57: 0.098772696 | O57: 0.012247974 | P57: 1.1453674
A59: Area Metropolitana Buenos Aires (A.M.B.A.) | B59: C.A.B.A.
B60: Zona Gran La Plata, integrada por los partidos de Berisso, Ensenada y La Plata.
B61: Zona Sur, integrada por los partidos de Esteban Echeverría, Ezeiza, Presidente Perón y San Vicente.
B62: Zona Sureste, integrada por los partidos de Almirante Brown, Avellaneda, Berazategui, Florencio Varela y Quilmes.
B63: Zona Suroeste, integrada por los partidos de La Matanza, Lanús y Lomas de Zamora.
B64: Zona Noreste, integrada por los partidos de Escobar, San Fernando, San Isidro, Tigre y Vicente López.
B65: Zona Noroeste, integrada por los partidos de General Rodríguez, Merlo, Moreno y Pilar.
B66: Zona Norte Centro, integrada por los partidos de General San Martín, José C. Paz, Malvinas Argentinas, San Miguel y Tres de Febrero
B67: Zona Oeste, integrada por los partidos de Hurlingham, Ituzaingó, Morón.

Sheet Cuadro 26
A1: AUTOMOTORES - Coberturas de Casco | R1: INDICE
A2: Cuadro 26: Vehículos Expuestos a Riesgo con cobertura de Robo Total. Partidos del Área Metropolitana. Por año
A4: Jurisdicción | B4: Zona | C4: Partido | D4: Año | N4: Part. 2024 | O4: Var. | P4: Var.
O5: (24 / 23) | P5: (24 / 15)
D6: 2015 | E6: 2016 | F6: 2017 | G6: 2018 | H6: 2019 | I6: 2020 | J6: 2021 | K6: 2022 | L6: 2023 | M6: 2024 | N6: % | O6: % | P6: %
A7: Total | D7: 7580419.7 | E7: 7851196.5 | F7: 8335592.4 | G7: 9076953.8 | H7: 9282478.3 | I7: 9203307.4 | J7: 9583139 | K7: 9738817.2 | L7: 10044846 | M7: 9636506.3 | N7: 1 | O7: -0.04065164 | P7: 0.27123651
A8: C.A.B.A. | D8: 975880.15 | E8: 992256.78 | F8: 1024145.7 | G8: 1080209 | H8: 1087722.8 | I8: 1045367.5 | J8: 1003586 | K8: 1054663.7 | L8: 1045023.9 | M8: 1037469.3 | N8: 0.10766035 | O8: -0.0072291527 | P8: 0.063111356
A9: A.M.B.A. | D9: 3139122.7 | E9: 3226458.2 | F9: 3370781.9 | G9: 3658761.7 | H9: 3719429.2 | I9: 3634212.4 | J9: 3656322.5 | K9: 3847282.4 | L9: 4116018.8 | M9: 3809356.2 | N9: 0.39530485 | O9: -0.074504669 | P9: 0.21350981
A10: Buenos Aires | D10: 3331431.2 | E10: 3409056.3 | F10: 3587143 | G10: 3900558.2 | H10: 3951601 | I10: 3958281.8 | J10: 4100704.9 | K10: 4248837.3 | L10: 4598459.5 | M10: 4266786.2 | N10: 0.44277332 | O10: -0.07212705 | P10: 0.2807667
B11: Gran La Plata | D11: 232063.62 | E11: 238131.73 | F11: 252610.66 | G11: 276649.01 | H11: 279508.66 | I11: 285773.8 | J11: 295170.19 | K11: 278953.27 | L11: 331082.21 | M11: 285398.68 | N11: 0.029616418 | O11: -0.13798241 | P11: 0.22982949
C12: Berisso | D12: 16728.951 | E12: 17704.366 | F12: 18732.688 | G12: 21259.151 | H12: 20269.251 | I12: 20292.06 | J12: 21584.472 | K12: 21601.74 | L12: 24546.556 | M12: 22082.27 | N12: 0.0022915233 | O12: -0.10039233 | P12: 0.32000329
C13: Ensenada | D13: 10029.109 | E13: 10379.199 | F13: 10764.085 | G13: 11791.471 | H13: 11635.091 | I13: 11873.689 | J13: 12671.405 | K13: 13202.172 | L13: 14948.771 | M13: 14517.678 | N13: 0.0015065298 | O13: -0.028838033 | P13: 0.44755411
C14: La Plata | D14: 205305.56 | E14: 210048.16 | F14: 223113.89 | G14: 243598.39 | H14: 247604.32 | I14: 253608.05 | J14: 260914.31 | K14: 244149.36 | L14: 291586.88 | M14: 248798.73 | N14: 0.025818365 | O14: -0.14674235 | P14: 0.21184606
B15: Noreste | D15: 390087.54 | E15: 400520.26 | F15: 422188.18 | G15: 455194.72 | H15: 467042.29 | I15: 460163.05 | J15: 463770.37 | K15: 487967.31 | L15: 505268.51 | M15: 489640.74 | N15: 0.050811043 | O15: -0.030929623 | P15: 0.25520733
C16: Escobar | D16: 52530.053 | E16: 56194.16 | F16: 59889.654 | G16: 66964.345 | H16: 68374.18 | I16: 69919.638 | J16: 76767.174 | K16: 78597.826 | L16: 98816.993 | M16: 85781.577 | N16: 0.0089017335 | O16: -0.13191471 | P16: 0.63300002
C17: San Fernando | D17: 32100.309 | E17: 32303.828 | F17: 34581.831 | G17: 37771.815 | H17: 39036.639 | I17: 38143.893 | J17: 38989.751 | K17: 41833.39 | L17: 42146.676 | M17: 41492.641 | N17: 0.004305778 | O17: -0.015518074 | P17: 0.29259319
C18: San Isidro | D18: 120216.77 | E18: 121684.2 | F18: 127209.58 | G18: 133381.39 | H18: 137025.56 | I18: 133116.35 | J18: 129572.12 | K18: 140785.13 | L18: 135838.55 | M18: 135361.31 | N18: 0.014046726 | O18: -0.0035132864 | P18: 0.12597696
C19: Tigre | D19: 77881.472 | E19: 81438.656 | F19: 89144.33 | G19: 99619.206 | H19: 103647.71 | I19: 102612.65 | J19: 105560.51 | K19: 110580.68 | L19: 115056.55 | M19: 112759.49 | N19: 0.011701287 | O19: -0.019964646 | P19: 0.44783454
C20: Vicente Lopez | D20: 107358.94 | E20: 108899.41 | F20: 111362.78 | G20: 117457.97 | H20: 118958.21 | I20: 116370.52 | J20: 112880.82 | K20: 116170.28 | L20: 113409.74 | M20: 114245.73 | N20: 0.011855518 | O20: 0.0073714047 | P20: 0.064147335
B21: Noroeste | D21: 215429.98 | E21: 223629.38 | F21: 240169.44 | G21: 271887.1 | H21: 284284.35 | I21: 280075.74 | J21: 277122.81 | K21: 297066.12 | L21: 340471.75 | M21: 303441.04 | N21: 0.031488711 | O21: -0.10876295 | P21: 0.40853673
C22: General Rodriguez | D22: 16681.296 | E22: 17785.139 | F22: 19784.572 | G22: 22617.061 | H22: 24368.001 | I22: 25459.495 | J22: 27222.311 | K22: 29531.696 | L22: 35890.146 | M22: 34181.395 | N22: 0.0035470748 | O22: -0.047610577 | P22: 1.0490852
C23: Merlo | D23: 64899.774 | E23: 67528.016 | F23: 70160.275 | G23: 80512.067 | H23: 83659.522 | I23: 80634.016 | J23: 83536.987 | K23: 91294.642 | L23: 96391.508 | M23: 88725.597 | N23: 0.0092072405 | O23: -0.079528909 | P23: 0.36711719
C24: Moreno | D24: 57869.046 | E24: 60510.899 | F24: 63556.235 | G24: 71400.403 | H24: 76167.325 | I24: 73058.887 | J24: 75968.34 | K24: 82513.671 | L24: 91700.33 | M24: 81503.643 | N24: 0.0084578034 | O24: -0.11119574 | P24: 0.40841518
C25: Pilar | D25: 75979.866 | E25: 77805.326 | F25: 86668.355 | G25: 97357.565 | H25: 100089.5 | I25: 100923.35 | J25: 90395.172 | K25: 93726.109 | L25: 116489.77 | M25: 99030.408 | N25: 0.010276592 | O25: -0.14987894 | P25: 0.30337697
B26: Norte Centro | D26: 293467.67 | E26: 305425.46 | F26: 314616.86 | G26: 343445.81 | H26: 351966.43 | I26: 343527.86 | J26: 364797.19 | K26: 387550.62 | L26: 418903.85 | M26: 379023.51 | N26: 0.039332062 | O26: -0.095201649 | P26: 0.29153413
C27: Jose C. Paz | D27: 29516.637 | E27: 32096.436 | F27: 32567.306 | G27: 37507.006 | H27: 39508.577 | I27: 37793.47 | J27: 39009.249 | K27: 42177.16 | L27: 45933.831 | M27: 41389.733 | N27: 0.0042950991 | O27: -0.098927035 | P27: 0.40225098
C28: Malvinas Argentinas | D28: 36412.823 | E28: 38573.591 | F28: 39559.02 | G28: 45085.865 | H28: 47263.057 | I28: 47153.145 | J28: 67721.738 | K28: 67959.492 | L28: 78727.278 | M28: 69581.92 | N28: 0.0072206612 | O28: -0.11616505 | P28: 0.91091802
C29: San Martin | D29: 93272.244 | E29: 95536.475 | F29: 98735.39 | G29: 105207.29 | H29: 105532.68 | I29: 102751.47 | J29: 101940.34 | K29: 111679.19 | L29: 116491.41 | M29: 108187.91 | N29: 0.011226885 | O29: -0.071279952 | P29: 0.15991535
C30: San Miguel | D30: 49924.732 | E30: 53010.245 | F30: 54506.254 | G30: 60822.757 | H30: 63191.477 | I30: 61944.182 | J30: 63184.593 | K30: 65920.723 | L30: 72987.031 | M30: 65715.493 | N30: 0.006819434 | O30: -0.09962781 | P30: 0.31629135
C31: Tres de febrero | D31: 84341.235 | E31: 86208.712 | F31: 89248.888 | G31: 94822.899 | H31: 96470.64 | I31: 93885.593 | J31: 92941.263 | K31: 99814.048 | L31: 104764.3 | M31: 94148.459 | N31: 0.0097699823 | O31: -0.10133071 | P31: 0.11628029
B32: Oeste | D32: 155429.2 | E32: 159976.56 | F32: 167472.72 | G32: 179910.25 | H32: 182645.23 | I32: 178125.39 | J32: 181051.2 | K32: 194155.2 | L32: 213402.21 | M32: 189328.53 | N32: 0.019647018 | O32: -0.11280893 | P32: 0.21810142
C33: Hurlingham | D33: 35033.853 | E33: 36532.255 | F33: 38078.756 | G33: 41564.623 | H33: 42608.694 | I33: 41233.066 | J33: 41854.294 | K33: 47472.267 | L33: 49958.172 | M33: 45613.546 | N33: 0.004733413 | O33: -0.086965268 | P33: 0.30198486
C34: Ituzaingo | D34: 42703.279 | E34: 44251.04 | F34: 46460.257 | G34: 50117.235 | H34: 50606.04 | I34: 49428.69 | J34: 50381.072 | K34: 52773.694 | L34: 59891.228 | M34: 52345.022 | N34: 0.0054319523 | O34: -0.12599851 | P34: 0.22578462
C35: Morón | D35: 77692.072 | E35: 79193.268 | F35: 82933.702 | G35: 88228.395 | H35: 89430.492 | I35: 87463.638 | J35: 88815.837 | K35: 93909.235 | L35: 103552.81 | M35: 91369.966 | N35: 0.0094816522 | O35: -0.11764861 | P35: 0.17605263
B36: Sur | D36: 89611.508 | E36: 94143.716 | F36: 100252.45 | G36: 117193.53 | H36: 120063.22 | I36: 120287.73 | J36: 128324.35 | K36: 140019.39 | L36: 164623.07 | M36: 148222.22 | N36: 0.015381329 | O36: -0.099626698 | P36: 0.65405339
C37: Esteban Echeverria | D37: 44086.975 | E37: 45458.604 | F37: 47616.611 | G37: 53940.713 | H37: 55626.608 | I37: 54722.692 | J37: 55669.165 | K37: 59692.401 | L37: 67292.033 | M37: 60800.095 | N37: 0.0063093529 | O37: -0.096474096 | P37: 0.37909427
C38: Ezeiza | D38: 25411.678 | E38: 26833.003 | F38: 29028.028 | G38: 34135.809 | H38: 35466.14 | I38: 35235.436 | J38: 38736.746 | K38: 43458.007 | L38: 50583.066 | M38: 46368.243 | N38: 0.0048117295 | O38: -0.083324783 | P38: 0.82468246
C39: Presidente Peron | D39: 7686.1916 | E39: 8382.5201 | F39: 9051.989 | G39: 11662.344 | H39: 11634.436 | I39: 12061.18 | J39: 13247.41 | K39: 14085.464 | L39: 15413.694 | M39: 15288.881 | N39: 0.0015865592 | O39: -0.0080975186 | P39: 0.98913612
C40: San Vicente | D40: 12426.663 | E40: 13469.588 | F40: 14555.819 | G40: 17454.667 | H40: 17336.038 | I40: 18268.421 | J40: 20671.024 | K40: 22783.517 | L40: 31334.278 | M40: 25764.999 | N40: 0.0026736878 | O40: -0.1777376 | P40: 1.0733642
B41: Sureste | D41: 358174.73 | E41: 371636.88 | F41: 389451.76 | G41: 431559.52 | H41: 436475.51 | I41: 427272.79 | J41: 441591.22 | K41: 469071.2 | L41: 520350.82 | M41: 459023.39 | N41: 0.047633816 | O41: -0.11785786 | P41: 0.28156274
C42: Almirante Brown | D42: 79075.254 | E42: 82083.642 | F42: 85047.534 | G42: 94821.521 | H42: 98035.651 | I42: 95401.478 | J42: 98092.347 | K42: 105330.93 | L42: 111141.71 | M42: 103179.51 | N42: 0.010707153 | O42: -0.071640129 | P42: 0.30482675
C43: Avellaneda | D43: 77513.847 | E43: 79088.35 | F43: 82365.571 | G43: 88022.545 | H43: 87966.129 | I43: 86502.547 | J43: 88479.481 | K43: 92015.6 | L43: 104982.36 | M43: 90914.207 | N43: 0.0094343572 | O43: -0.13400493 | P43: 0.17287699
C44: Berazategui | D44: 51174.115 | E44: 54130.863 | F44: 57468.207 | G44: 65054.007 | H44: 66018.715 | I44: 65439.519 | J44: 68794.712 | K44: 73558.43 | L44: 83736.371 | M44: 72007.164 | N44: 0.0074723338 | O44: -0.14007303 | P44: 0.4071013
C45: Florencio Varela | D45: 41813.213 | E45: 43753.262 | F45: 46300.463 | G45: 54413.165 | H45: 55336.172 | I45: 52712.581 | J45: 55013.523 | K45: 60685.601 | L45: 64961.841 | M45: 59309.259 | N45: 0.0061546457 | O45: -0.087013888 | P45: 0.41843343
C46: Quilmes | D46: 108598.3 | E46: 112580.76 | F46: 118269.98 | G46: 129248.28 | H46: 129118.85 | I46: 127216.66 | J46: 131211.15 | K46: 137480.63 | L46: 155528.54 | M46: 133613.25 | N46: 0.013865326 | O46: -0.14090844 | P46: 0.23034385
B47: Suroeste | D47: 428978.27 | E47: 440737.42 | F47: 459874.18 | G47: 502712.69 | H47: 509720.7 | I47: 493618.52 | J47: 500909.17 | K47: 537835.55 | L47: 576892.45 | M47: 517808.77 | N47: 0.053734098 | O47: -0.10241715 | P47: 0.20707459
C48: La Matanza | D48: 216326.45 | E48: 222221.22 | F48: 233265.21 | G48: 257606.09 | H48: 262963.53 | I48: 252660.68 | J48: 253260.49 | K48: 280034.84 | L48: 298429.26 | M48: 266548.36 | N48: 0.02766028 | O48: -0.10682901 | P48: 0.23215798
C49: Lanus | D49: 99578.513 | E49: 101551.64 | F49: 105248.37 | G49: 113550.64 | H49: 113287.36 | I49: 110748.74 | J49: 113285.79 | K49: 114575.02 | L49: 126573.96 | M49: 112506.64 | N49: 0.011675049 | O49: -0.11113915 | P49: 0.12982847
C50: Lomas de Zamora | D50: 113073.32 | E50: 116964.57 | F50: 121360.59 | G50: 131555.96 | H50: 133469.81 | I50: 130209.1 | J50: 134362.9 | K50: 143225.69 | L50: 151889.23 | M50: 138753.78 | N50: 0.014398769 | O50: -0.086480492 | P50: 0.22711336
B51: Bahia Blanca | D51: 90901.445 | E51: 92378.463 | F51: 100350.05 | G51: 108176.07 | H51: 111028.76 | I51: 110717.24 | J51: 118625.53 | K51: 117806.75 | L51: 119562.71 | M51: 114256.62 | N51: 0.011856649 | O51: -0.044379114 | P51: 0.25692858
B52: General Pueyrredon | D52: 165978.7 | E52: 170777.13 | F52: 179117.14 | G52: 193642.43 | H52: 192756.52 | I52: 191742.32 | J52: 201847.87 | K52: 195236.95 | L52: 199559.01 | M52: 202546.76 | N52: 0.021018701 | O52: 0.014971794 | P52: 0.2203178
B53: Resto de Buenos Aires | D53: 911308.55 | E53: 911699.34 | F53: 961039.61 | G53: 1020187.1 | H53: 1016109.3 | I53: 1066977.4 | J53: 1127495 | K53: 1143175 | L53: 1208342.9 | M53: 1178095.9 | N53: 0.12225347 | O53: -0.025031806 | P53: 0.29275194
B54: Córdoba Capital | D54: 262020.81 | E54: 268219.25 | F54: 286177.96 | G54: 294946.2 | H54: 322123.09 | I54: 317574.77 | J54: 332831.91 | K54: 318739.41 | L54: 318055.98 | M54: 316043.39 | N54: 0.032796483 | O54: -0.0063277757 | P54: 0.20617667
B55: Gran Mendoza | D55: 188821.32 | E55: 186592.35 | F55: 203670.64 | G55: 228166.59 | H55: 229273.88 | I55: 225596.96 | J55: 236018.08 | K55: 229657.06 | L55: 229259.82 | M55: 210304.19 | N55: 0.021823705 | O55: -0.082681862 | P55: 0.11377354
B56: Rosario | D56: 204143.48 | E56: 210034.79 | F56: 220722.29 | G56: 244265.11 | H56: 247412.11 | I56: 246234.71 | J56: 263292.81 | K56: 256406.81 | L56: 257263.95 | M56: 241380.81 | N56: 0.025048591 | O56: -0.061738666 | P56: 0.18240764
A57: Resto del País | D57: 2618118.6 | E57: 2785033.7 | F57: 3013730 | G57: 3328800.7 | H57: 3444341.1 | I57: 3410198.1 | J57: 3646661.9 | K57: 3630509.5 | L57: 3596781.3 | M57: 3564518.7 | N57: 0.36989755 | O57: -0.008969866 | P57: 0.36148096
A58: Sin información | D58: 4.1073059 | E58: 3.3376801 | F58: 2.9097388 | G58: 7.9511243 | H58: 4.292666 | I58: 53.593388 | J58: 43.490489 | K58: 3.3016804 | L58: 1.3373902 | M58: 3.8356809
A61: Area Metropolitana Buenos Aires (A.M.B.A.) | B61: C.A.B.A.
B62: Zona Gran La Plata, integrada por los partidos de Berisso, Ensenada y La Plata.
B63: Zona Sur, integrada por los partidos de Esteban Echeverría, Ezeiza, Presidente Perón y San Vicente.
B64: Zona Sureste, integrada por los partidos de Almirante Brown, Avellaneda, Berazategui, Florencio Varela y Quilmes.
B65: Zona Suroeste, integrada por los partidos de La Matanza, Lanús y Lomas de Zamora.
B66: Zona Noreste, integrada por los partidos de Escobar, San Fernando, San Isidro, Tigre y Vicente López.
B67: Zona Noroeste, integrada por los partidos de General Rodríguez, Merlo, Moreno y Pilar.
B68: Zona Norte Centro, integrada por los partidos de General San Martín, José C. Paz, Malvinas Argentinas, San Miguel y Tres de Febrero
B69: Zona Oeste, integrada por los partidos de Hurlingham, Ituzaingó, Morón.

Sheet Cuadro 27
A1: AUTOMOTORES - Coberturas de Casco | P1: INDICE
A2: Cuadro 27: Frecuencia Siniestral de Robo Total. Partidos del Área Metropolitana. Por año
A4: Jurisdicción | B4: Zona | C4: Partido | D4: 2015 | E4: 2016 | F4: 2017 | G4: 2018 | H4: 2019 | I4: 2020 | J4: 2021 | K4: 2022 | L4: 2023 | M4: 2024 | N4: Var. (en p.p.)*
A7: Total | D7: 0.0088216799 | E7: 0.0089143139 | F7: 0.0081961809 | G7: 0.0075725912 | H7: 0.0079975446 | I7: 0.0058954149 | J7: 0.0068732488 | K7: 0.0085813325 | L7: 0.010358647 | M7: 0.011287809 | N7: 0.09
A8: C.A.B.A. | D8: 0.0091476397 | E8: 0.010210059 | F8: 0.010013224 | G8: 0.0094009583 | H8: 0.0082824411 | I8: 0.0054650638 | J8: 0.0077372541 | K8: 0.010269624 | L8: 0.012230342 | M8: 0.012746402 | N8: 0.05
A9: A.M.B.A. | D9: 0.015408445 | E9: 0.015683761 | F9: 0.015149897 | G9: 0.013942422 | H9: 0.014509484 | I9: 0.010511218 | J9: 0.012986272 | K9: 0.015616998 | L9: 0.017816488 | M9: 0.020115473 | N9: 0.23
A10: Buenos Aires | D10: 0.013145701 | E10: 0.013003599 | F10: 0.012463122 | G10: 0.01153963 | H10: 0.012568323 | I10: 0.0091312346 | J10: 0.010721084 | K10: 0.012825391 | L10: 0.014711448 | M10: 0.01684195 | N10: 0.21
B11: Gran La Plata | D11: 0.0076358371 | E11: 0.0078401984 | F11: 0.0076125052 | G11: 0.0069582754 | H11: 0.0087510705 | I11: 0.0064071654 | J11: 0.007266994 | K11: 0.010639775 | L11: 0.011124126 | M11: 0.013086956 | N11: 0.2
C12: Berisso | D12: 0.005081012 | E12: 0.0058742571 | F12: 0.0051781144 | G12: 0.0044686639 | H12: 0.0071043574 | I12: 0.0042873912 | J12: 0.0059301891 | K12: 0.0087492951 | L12: 0.0092069942 | M12: 0.012181719 | N12: 0.3
C13: Ensenada | D13: 0.0050851974 | E13: 0.0053954068 | F13: 0.0056669934 | G13: 0.0047491955 | H13: 0.0055865486 | I13: 0.0041267715 | J13: 0.0038669746 | K13: 0.0065140797 | L13: 0.0077598351 | M13: 0.0061993384 | N13: -0.16
C14: La Plata | D14: 0.0079686103 | E14: 0.0081267076 | F14: 0.007910758 | G14: 0.0072824784 | H14: 0.0090345758 | I14: 0.0066835418 | J14: 0.0075427062 | K14: 0.011030133 | L14: 0.011457992 | M14: 0.013569201 | N14: 0.21
B15: Noreste | D15: 0.0084955289 | E15: 0.0083940823 | F15: 0.0088609776 | G15: 0.0067575476 | H15: 0.0071128462 | I15: 0.0043919215 | J15: 0.0050477567 | K15: 0.0061786926 | L15: 0.0064856605 | M15: 0.0061861682 | N15: -0.03
C16: Escobar | D16: 0.0099371688 | E16: 0.0096629259 | F16: 0.014259558 | G16: 0.006809594 | H16: 0.0071225717 | I16: 0.0047483083 | J16: 0.0059270125 | K16: 0.0064887291 | L16: 0.0060515908 | M16: 0.006703071 | N16: 0.06
C17: San Fernando | D17: 0.0085357434 | E17: 0.010029771 | F17: 0.010410091 | G17: 0.0084719255 | H17: 0.0091708716 | I17: 0.0052433033 | J17: 0.0053603831 | K17: 0.0074581572 | L17: 0.0075688057 | M17: 0.0081219222 | N17: 0.05
C18: San Isidro | D18: 0.0055649476 | E18: 0.0057032876 | F18: 0.0068076633 | G18: 0.0054805248 | H18: 0.0058675184 | I18: 0.0039138692 | J18: 0.0042447404 | K18: 0.0052278247 | L18: 0.0068390013 | M18: 0.0062056138 | N18: -0.06
C19: Tigre | D19: 0.0085514562 | E19: 0.0091111523 | F19: 0.007538337 | G19: 0.0059426292 | H19: 0.005759896 | I19: 0.0041028081 | J19: 0.0043955831 | K19: 0.0052812118 | L19: 0.0061361131 | M19: 0.0059152451 | N19: -0.02
C20: Vicente Lopez | D20: 0.01101911 | E20: 0.0097245705 | F20: 0.0088808845 | G20: 0.008317869 | H20: 0.0090451935 | I20: 0.0047005032 | J20: 0.0058734516 | K20: 0.007514831 | L20: 0.0063927488 | M20: 0.005339368 | N20: -0.11
B21: Noroeste | D21: 0.017843384 | E21: 0.019791675 | F21: 0.016958861 | G21: 0.0158301 | H21: 0.016564401 | I21: 0.012103869 | J21: 0.015159344 | K21: 0.016107525 | L21: 0.018932554 | M21: 0.023543288 | N21: 0.46
C22: General Rodriguez | D22: 0.012708845 | E22: 0.016699335 | F22: 0.014202986 | G22: 0.011539961 | H22: 0.01465036 | I22: 0.011587033 | J22: 0.01340812 | K22: 0.014831522 | L22: 0.018333723 | M22: 0.020244931 | N22: 0.19
C23: Merlo | D23: 0.019722719 | E23: 0.023545783 | F23: 0.018628775 | G23: 0.018419599 | H23: 0.021372343 | I23: 0.013927125 | J23: 0.016555541 | K23: 0.017876186 | L23: 0.022408613 | M23: 0.028661402 | N23: 0.63
C24: Moreno | D24: 0.027233903 | E24: 0.029036091 | F24: 0.026071399 | G24: 0.025616102 | H24: 0.023527149 | I24: 0.018943623 | J24: 0.02337816 | K24: 0.024832249 | L24: 0.030043513 | M24: 0.036501436 | N24: 0.65
C25: Pilar | D25: 0.010213232 | E25: 0.010050726 | F25: 0.00955366 | G25: 0.0075084047 | H25: 0.0077130967 | I25: 0.0058262039 | J25: 0.007489338 | K25: 0.0071058108 | L25: 0.0074942202 | M25: 0.0094314465 | N25: 0.19
B26: Norte Centro | D26: 0.025839303 | E26: 0.023675171 | F26: 0.023078865 | G26: 0.020416612 | H26: 0.02070652 | I26: 0.015655208 | J26: 0.017919546 | K26: 0.022373852 | L26: 0.026053711 | M26: 0.029473106 | N26: 0.34
C27: Jose C. Paz | D27: 0.028492406 | E27: 0.028632463 | F27: 0.028924714 | G27: 0.02562188 | H27: 0.02531096 | I27: 0.023760718 | J27: 0.03089011 | K27: 0.037389904 | L27: 0.038729624 | M27: 0.048224519 | N27: 0.95
C28: Malvinas Argentinas | D28: 0.025815082 | E28: 0.025302285 | F28: 0.02575898 | G28: 0.024974568 | H28: 0.025368651 | I28: 0.018789839 | J28: 0.015607987 | K28: 0.020777083 | L28: 0.02097113 | M28: 0.023166938 | N28: 0.22
C29: San Martin | D29: 0.024348079 | E29: 0.021237962 | F29: 0.022139984 | G29: 0.019418807 | H29: 0.019140991 | I29: 0.013887879 | J29: 0.018599113 | K29: 0.020729018 | L29: 0.026010502 | M29: 0.027831207 | N29: 0.18
C30: San Miguel | D30: 0.016424725 | E30: 0.017411729 | F30: 0.015429422 | G30: 0.011574615 | H30: 0.01077677 | I30: 0.007926491 | J30: 0.0080241081 | K30: 0.0092535393 | L30: 0.010275798 | M30: 0.011808479 | N30: 0.15
C31: Tres de febrero | D31: 0.032143233 | E31: 0.027653818 | F31: 0.025468104 | G31: 0.022969135 | H31: 0.024753645 | I31: 0.017851514 | J31: 0.020141753 | K31: 0.027621363 | L31: 0.035355555 | M31: 0.04010687 | N31: 0.47
B32: Oeste | D32: 0.021392376 | E32: 0.022578307 | F32: 0.019418088 | G32: 0.018298012 | H32: 0.017936412 | I32: 0.013378216 | J32: 0.015553611 | K32: 0.020097325 | L32: 0.022295927 | M32: 0.027761267 | N32: 0.55
C33: Hurlingham | D33: 0.017269011 | E33: 0.016615454 | F33: 0.015572988 | G33: 0.013545173 | H33: 0.013518368 | I33: 0.0096281949 | J33: 0.010847155 | K33: 0.013081322 | L33: 0.014832408 | M33: 0.017034413 | N33: 0.22
C34: Ituzaingo | D34: 0.017258628 | E34: 0.020383702 | F34: 0.018661111 | G34: 0.018416818 | H34: 0.015650306 | I34: 0.012624247 | J34: 0.014211687 | K34: 0.015917021 | L34: 0.017298026 | M34: 0.021339183 | N34: 0.4
C35: Morón | D35: 0.02552384 | E35: 0.026555287 | F35: 0.021607621 | G35: 0.0204696 | H35: 0.021335005 | I35: 0.015572186 | J35: 0.018532731 | K35: 0.025993184 | L35: 0.028787244 | M35: 0.036795461 | N35: 0.8
B36: Sur | D36: 0.018379336 | E36: 0.020075689 | F36: 0.018662886 | G36: 0.01624663 | H36: 0.019622995 | I36: 0.012835889 | J36: 0.013855516 | K36: 0.018747404 | L36: 0.018764077 | M36: 0.020853824 | N36: 0.21
C37: Esteban Echeverria | D37: 0.029940816 | E37: 0.033327024 | F37: 0.030409556 | G37: 0.027048215 | H37: 0.032826017 | I37: 0.022312499 | J37: 0.023495951 | K37: 0.033069536 | L37: 0.033272884 | M37: 0.03608547 | N37: 0.28
C38: Ezeiza | D38: 0.0039745506 | E38: 0.0040248942 | F38: 0.0042028346 | G38: 0.0034860752 | H38: 0.0038910352 | I38: 0.0021853 | J38: 0.002478267 | K38: 0.004510101 | L38: 0.0048039793 | M38: 0.0062974135 | N38: 0.15
C39: Presidente Peron | D39: 0.014441482 | E39: 0.015031279 | F39: 0.017454727 | G39: 0.015348543 | H39: 0.016760589 | I39: 0.010944203 | J39: 0.01638056 | K39: 0.018813722 | L39: 0.023031468 | M39: 0.023219488 | N39: 0.02
C40: San Vicente | D40: 0.0092542945 | E40: 0.010468026 | F40: 0.0098242499 | G40: 0.0084218164 | H40: 0.011363612 | I40: 0.0062402767 | J40: 0.0075951728 | K40: 0.0083393623 | L40: 0.0080423107 | M40: 0.009703086 | N40: 0.17
B41: Sureste | D41: 0.018658491 | E41: 0.017810396 | F41: 0.01887782 | G41: 0.016885272 | H41: 0.018369874 | I41: 0.013501913 | J41: 0.016134832 | K41: 0.017656168 | L41: 0.018889179 | M41: 0.021944416 | N41: 0.3
C42: Almirante Brown | D42: 0.02039829 | E42: 0.019224293 | F42: 0.020623761 | G42: 0.019763446 | H42: 0.022440816 | I42: 0.015880257 | J42: 0.018706862 | K42: 0.022595452 | L42: 0.024311304 | M42: 0.024840204 | N42: 0.05
C43: Avellaneda | D43: 0.021892863 | E43: 0.022266238 | F43: 0.021865932 | G43: 0.022028447 | H43: 0.023372633 | I43: 0.015398391 | J43: 0.01660272 | K43: 0.019311943 | L43: 0.019107972 | M43: 0.021580785 | N43: 0.25
C44: Berazategui | D44: 0.01193963 | E44: 0.0103453 | F44: 0.013224704 | G44: 0.0096227739 | H44: 0.010890851 | I44: 0.0085880827 | J44: 0.011163649 | K44: 0.011147601 | L44: 0.0133156 | M44: 0.019192535 | N44: 0.59
C45: Florencio Varela | D45: 0.015760568 | E45: 0.015701687 | F45: 0.014751472 | G45: 0.013176958 | H45: 0.014384804 | I45: 0.011192774 | J45: 0.017959221 | K45: 0.013627615 | L45: 0.017671913 | M45: 0.020334093 | N45: 0.26
C46: Quilmes | D46: 0.019364944 | E46: 0.018058147 | F46: 0.019903614 | G46: 0.016487647 | H46: 0.017402572 | I46: 0.013913272 | J46: 0.015737991 | K46: 0.018024357 | L46: 0.018376049 | M46: 0.022153491 | N46: 0.38
B47: Suroeste | D47: 0.026281051 | E47: 0.02601549 | F47: 0.024656744 | G47: 0.023983878 | H47: 0.026571415 | I47: 0.020604981 | J47: 0.025501629 | K47: 0.027898862 | L47: 0.032165441 | M47: 0.038438901 | N47: 0.62
C48: La Matanza | D48: 0.025627935 | E48: 0.025681616 | F48: 0.026939294 | G48: 0.026940357 | H48: 0.030517539 | I48: 0.024412188 | J48: 0.031335326 | K48: 0.035434876 | L48: 0.040579131 | M48: 0.049893386 | N48: 0.93
C49: Lanus | D49: 0.029353722 | E49: 0.028586443 | F49: 0.022755696 | G49: 0.02114475 | H49: 0.020390624 | I49: 0.014934707 | J49: 0.017177794 | K49: 0.018555529 | L49: 0.021623721 | M49: 0.024265235 | N49: 0.27
C50: Lomas de Zamora | D50: 0.024824602 | E50: 0.024417651 | F50: 0.021918153 | G50: 0.020645206 | H50: 0.024042891 | I50: 0.018040214 | J50: 0.021523799 | K50: 0.020638755 | L50: 0.024419111 | M50: 0.027927168 | N50: 0.35
B51: Bahia Blanca | D51: 0.0013091101 | E51: 0.0012448789 | F51: 0.0012157443 | G51: 0.00084122115 | H51: 0.0012429212 | I51: 0.00082191353 | J51: 0.0012476235 | K51: 0.0015533915 | L51: 0.0019487681 | M51: 0.0021705525 | N51: 0.03
B52: General Pueyrredon | D52: 0.011603899 | E52: 0.0079928734 | F52: 0.0081957538 | G52: 0.0087274263 | H52: 0.010977579 | I52: 0.0083914705 | J52: 0.0083726421 | K52: 0.0097829843 | L52: 0.01361001 | M52: 0.019649783 | N52: 0.6
B53: Resto de Buenos Aires | D53: 0.0025315246 | E53: 0.0026072192 | F53: 0.0023984443 | G53: 0.0023260439 | H53: 0.0024131261 | I53: 0.0018341532 | J53: 0.0021365949 | K53: 0.0027528594 | L53: 0.003433628 | M53: 0.0035905396 | N53: 0.02
B54: Córdoba Capital | D54: 0.015197266 | E54: 0.016740037 | F54: 0.01346365 | G54: 0.012100512 | H54: 0.012293437 | I54: 0.0087443975 | J54: 0.0089745001 | K54: 0.012991804 | L54: 0.01704417 | M54: 0.017972216 | N54: 0.1
B55: Gran Mendoza | D55: 0.015226035 | E55: 0.015917051 | F55: 0.012338548 | G55: 0.010615051 | H55: 0.011340149 | I55: 0.0078724465 | J55: 0.0082069985 | K55: 0.01073775 | L55: 0.014725651 | M55: 0.017141836 | N55: 0.24
B56: Rosario | D56: 0.011198006 | E56: 0.010969611 | F56: 0.0080327184 | G56: 0.0082123887 | H56: 0.011005928 | I56: 0.0096940029 | J56: 0.0089634046 | K56: 0.01260107 | L56: 0.016360629 | M56: 0.015166906 | N56: -0.12
A57: Resto del País | D57: 0.0019128239 | E57: 0.0020692748 | F57: 0.0017317411 | G57: 0.0016741765 | H57: 0.0018232805 | I57: 0.00160108 | J57: 0.0018795271 | K57: 0.0023164792 | L57: 0.0029509717 | M57: 0.0030141517 | N57: 0
A59: * puntos porcentuales
A61: Area Metropolitana Buenos Aires (A.M.B.A.) | B61: C.A.B.A.
B62: Zona Gran La Plata, integrada por los partidos de Berisso, Ensenada y La Plata.
B63: Zona Sur, integrada por los partidos de Esteban Echeverría, Ezeiza, Presidente Perón y San Vicente.
B64: Zona Sureste, integrada por los partidos de Almirante Brown, Avellaneda, Berazategui, Florencio Varela y Quilmes.
B65: Zona Suroeste, integrada por los partidos de La Matanza, Lanús y Lomas de Zamora.
B66: Zona Noreste, integrada por los partidos de Escobar, San Fernando, San Isidro, Tigre y Vicente López.
B67: Zona Noroeste, integrada por los partidos de General Rodríguez, Merlo, Moreno y Pilar.
B68: Zona Norte Centro, integrada por los partidos de General San Martín, José C. Paz, Malvinas Argentinas, San Miguel y Tres de Febrero
B69: Zona Oeste, integrada por los partidos de Hurlingham, Ituzaingó, Morón.

Sheet Cuadro 28
A1: AUTOMOTORES - Coberturas de Casco | O1: INDICE
A2: Cuadro 28: Siniestros de Robo Total. Partidos del Área Metropolitana. Principales Tipos de Vehículo. Año 2024
A4: Jurisdicción | B4: Zona | C4: Partido | D4: Total | F4: Autos | G4: Autos | H4: Camionetas | J4: Motos | L4: Otros | M4: Motos
D5: Cant. | E5: Part. % | F5: Cant. | G5: Part. % | H5: Cant. | I5: Part. % | J5: Cant. | K5: Part. % | L5: Cant. | M5: Part. %
A6: Total | D6: 108775 | E6: 1 | F6: 57018 | G6: 1 | H6: 3343 | I6: 1 | J6: 47168 | K6: 1 | L6: 1246 | M6: 1
A7: C.A.B.A. | D7: 13224 | E7: 0.12157205 | F7: 6189 | G7: 0.10854467 | H7: 295 | I7: 0.088244092 | J7: 6641 | K7: 0.14079461 | L7: 99 | M7: 0.079454254
A8: A.M.B.A. | D8: 76627 | E8: 0.70445415 | F8: 41417 | G8: 0.72638465 | H8: 2118 | I8: 0.63356267 | J8: 32108 | K8: 0.68071574 | L8: 984 | M8: 0.78972713
A9: Buenos Aires | D9: 71861 | E9: 0.66063893 | F9: 38550 | G9: 0.67610228 | H9: 2129 | I9: 0.63685313 | J9: 30156 | K9: 0.63933175 | L9: 1026 | M9: 0.82343499
B10: Gran La Plata | D10: 3735 | E10: 0.034336934 | F10: 1484 | G10: 0.026026869 | H10: 88 | I10: 0.026323661 | J10: 2138 | K10: 0.045327341 | L10: 25 | M10: 0.020064205
C11: Berisso | D11: 269 | E11: 0.0024729947 | F11: 89 | G11: 0.0015609106 | H11: 9 | I11: 0.0026921926 | J11: 170 | K11: 0.0036041384 | L11: 1 | M11: 0.00080256822
C12: Ensenada | D12: 90 | E12: 0.000827396 | F12: 21 | G12: 0.00036830475 | H12: 1 | I12: 0.00029913252 | J12: 68 | K12: 0.0014416554 | L12: 0 | M12: 0
C13: La Plata | D13: 3376 | E13: 0.031036543 | F13: 1374 | G13: 0.024097653 | H13: 78 | I13: 0.023332336 | J13: 1900 | K13: 0.040281547 | L13: 24 | M13: 0.019261637
B14: Noreste | D14: 3029 | E14: 0.027846472 | F14: 1317 | G14: 0.023097969 | H14: 92 | I14: 0.027520191 | J14: 1593 | K14: 0.033772897 | L14: 27 | M14: 0.021669342
C15: Escobar | D15: 575 | E15: 0.0052861411 | F15: 275 | G15: 0.0048230383 | H15: 20 | I15: 0.0059826503 | J15: 271 | K15: 0.0057454206 | L15: 9 | M15: 0.007223114
C16: San Fernando | D16: 337 | E16: 0.0030981384 | F16: 117 | G16: 0.0020519836 | H16: 4 | I16: 0.0011965301 | J16: 211 | K16: 0.0044733718 | L16: 5 | M16: 0.0040128411
C17: San Isidro | D17: 840 | E17: 0.0077223627 | F17: 356 | G17: 0.0062436424 | H17: 31 | I17: 0.009273108 | J17: 449 | K17: 0.0095191655 | L17: 4 | M17: 0.0032102729
C18: Tigre | D18: 667 | E18: 0.0061319237 | F18: 277 | G18: 0.004858115 | H18: 20 | I18: 0.0059826503 | J18: 366 | K18: 0.007759498 | L18: 4 | M18: 0.0032102729
C19: Vicente Lopez | D19: 610 | E19: 0.0056079062 | F19: 292 | G19: 0.0051211898 | H19: 17 | I19: 0.0050852528 | J19: 296 | K19: 0.006275441 | L19: 5 | M19: 0.0040128411
B20: Noroeste | D20: 7144 | E20: 0.065676856 | F20: 3642 | G20: 0.063874566 | H20: 185 | I20: 0.055339515 | J20: 3214 | K20: 0.068139417 | L20: 103 | M20: 0.082664526
C21: General Rodriguez | D21: 692 | E21: 0.0063617559 | F21: 321 | G21: 0.0056298011 | H21: 17 | I21: 0.0050852528 | J21: 337 | K21: 0.0071446744 | L21: 17 | M21: 0.01364366
C22: Merlo | D22: 2543 | E22: 0.023378534 | F22: 1052 | G22: 0.018450314 | H22: 60 | I22: 0.017947951 | J22: 1403 | K22: 0.029744742 | L22: 28 | M22: 0.02247191
C23: Moreno | D23: 2975 | E23: 0.027350034 | F23: 1700 | G23: 0.029815146 | H23: 83 | I23: 0.024827999 | J23: 1143 | K23: 0.024232531 | L23: 49 | M23: 0.039325843
C24: Pilar | D24: 934 | E24: 0.0085865318 | F24: 569 | G24: 0.0099793048 | H24: 25 | I24: 0.0074783129 | J24: 331 | K24: 0.0070174695 | L24: 9 | M24: 0.007223114
B25: Norte Centro | D25: 11171 | E25: 0.10269823 | F25: 5704 | G25: 0.10003858 | H25: 258 | I25: 0.077176189 | J25: 5070 | K25: 0.10748813 | L25: 139 | M25: 0.11155698
C26: Jose C. Paz | D26: 1996 | E26: 0.018349805 | F26: 1201 | G26: 0.021063524 | H26: 59 | I26: 0.017648818 | J26: 720 | K26: 0.015264586 | L26: 16 | M26: 0.012841091
C27: Malvinas Argentinas | D27: 1612 | E27: 0.014819582 | F27: 884 | G27: 0.015503876 | H27: 26 | I27: 0.0077774454 | J27: 688 | K27: 0.01458616 | L27: 14 | M27: 0.011235955
C28: San Martin | D28: 3011 | E28: 0.027680993 | F28: 1222 | G28: 0.021431829 | H28: 54 | I28: 0.016153156 | J28: 1699 | K28: 0.036020183 | L28: 36 | M28: 0.028892456
C29: San Miguel | D29: 776 | E29: 0.0071339922 | F29: 451 | G29: 0.0079097829 | H29: 24 | I29: 0.0071791804 | J29: 285 | K29: 0.006042232 | L29: 16 | M29: 0.012841091
C30: Tres de febrero | D30: 3776 | E30: 0.034713859 | F30: 1946 | G30: 0.034129573 | H30: 95 | I30: 0.028417589 | J30: 1678 | K30: 0.035574966 | L30: 57 | M30: 0.045746388
B31: Oeste | D31: 5256 | E31: 0.048319926 | F31: 2748 | G31: 0.048195307 | H31: 138 | I31: 0.041280287 | J31: 2301 | K31: 0.048783073 | L31: 69 | M31: 0.055377207
C32: Hurlingham | D32: 777 | E32: 0.0071431855 | F32: 367 | G32: 0.0064365639 | H32: 17 | I32: 0.0050852528 | J32: 384 | K32: 0.0081411126 | L32: 9 | M32: 0.007223114
C33: Ituzaingo | D33: 1117 | E33: 0.010268904 | F33: 555 | G33: 0.0097337683 | H33: 30 | I33: 0.0089739755 | J33: 509 | K33: 0.010791214 | L33: 23 | M33: 0.018459069
C34: Morón | D34: 3362 | E34: 0.030907837 | F34: 1826 | G34: 0.032024975 | H34: 91 | I34: 0.027221059 | J34: 1408 | K34: 0.029850746 | L34: 37 | M34: 0.029695024
B35: Sur | D35: 3091 | E35: 0.028416456 | F35: 1716 | G35: 0.030095759 | H35: 101 | I35: 0.030212384 | J35: 1213 | K35: 0.025716588 | L35: 61 | M35: 0.048956661
C36: Esteban Echeverria | D36: 2194 | E36: 0.020170076 | F36: 1207 | G36: 0.021168754 | H36: 74 | I36: 0.022135806 | J36: 874 | K36: 0.018529512 | L36: 39 | M36: 0.031300161
C37: Ezeiza | D37: 292 | E37: 0.0026844404 | F37: 162 | G37: 0.002841208 | H37: 9 | I37: 0.0026921926 | J37: 108 | K37: 0.0022896879 | L37: 13 | M37: 0.010433387
C38: Presidente Peron | D38: 355 | E38: 0.0032636176 | F38: 204 | G38: 0.0035778175 | H38: 8 | I38: 0.0023930601 | J38: 140 | K38: 0.002968114 | L38: 3 | M38: 0.0024077047
C39: San Vicente | D39: 250 | E39: 0.0022983222 | F39: 143 | G39: 0.0025079799 | H39: 10 | I39: 0.0029913252 | J39: 91 | K39: 0.0019292741 | L39: 6 | M39: 0.0048154093
B40: Sureste | D40: 10073 | E40: 0.092603999 | F40: 5733 | G40: 0.1005472 | H40: 278 | I40: 0.083158839 | J40: 3936 | K40: 0.083446404 | L40: 126 | M40: 0.1011236
C41: Almirante Brown | D41: 2563 | E41: 0.023562399 | F41: 1501 | G41: 0.02632502 | H41: 71 | I41: 0.021238409 | J41: 955 | K41: 0.020246777 | L41: 36 | M41: 0.028892456
C42: Avellaneda | D42: 1962 | E42: 0.018037233 | F42: 1041 | G42: 0.018257392 | H42: 52 | I42: 0.015554891 | J42: 836 | K42: 0.017723881 | L42: 33 | M42: 0.026484751
C43: Berazategui | D43: 1382 | E43: 0.012705125 | F43: 740 | G43: 0.012978358 | H43: 34 | I43: 0.010170506 | J43: 591 | K43: 0.012529681 | L43: 17 | M43: 0.01364366
C44: Florencio Varela | D44: 1206 | E44: 0.011087106 | F44: 687 | G44: 0.012048827 | H44: 34 | I44: 0.010170506 | J44: 468 | K44: 0.009921981 | L44: 17 | M44: 0.01364366
C45: Quilmes | D45: 2960 | E45: 0.027212135 | F45: 1764 | G45: 0.030937599 | H45: 87 | I45: 0.026024529 | J45: 1086 | K45: 0.023024084 | L45: 23 | M45: 0.018459069
B46: Suroeste | D46: 19904 | E46: 0.18298322 | F46: 12884 | G46: 0.22596373 | H46: 683 | I46: 0.20430751 | J46: 6002 | K46: 0.12724729 | L46: 335 | M46: 0.26886035
C47: La Matanza | D47: 13299 | E47: 0.12226155 | F47: 8886 | G47: 0.15584552 | H47: 428 | I47: 0.12802872 | J47: 3732 | K47: 0.079121438 | L47: 253 | M47: 0.20304976
C48: Lanus | D48: 2730 | E48: 0.025097679 | F48: 1574 | G48: 0.027605318 | H48: 96 | I48: 0.028716722 | J48: 1028 | K48: 0.021794437 | L48: 32 | M48: 0.025682183
C49: Lomas de Zamora | D49: 3875 | E49: 0.035623994 | F49: 2424 | G49: 0.042512891 | H49: 159 | I49: 0.04756207 | J49: 1242 | K49: 0.026331411 | L49: 50 | M49: 0.040128411
B50: Bahia Blanca | D50: 248 | E50: 0.0022799356 | F50: 80 | G50: 0.0014030657 | H50: 2 | I50: 0.00059826503 | J50: 166 | K50: 0.0035193351 | L50: 0 | M50: 0
B51: General Pueyrredon | D51: 3980 | E51: 0.03658929 | F51: 1545 | G51: 0.027096706 | H51: 103 | I51: 0.030810649 | J51: 2304 | K51: 0.048846676 | L51: 28 | M51: 0.02247191
B52: Resto de Buenos Aires | D52: 4230 | E52: 0.038887612 | F52: 1697 | G52: 0.029762531 | H52: 201 | I52: 0.060125636 | J52: 2219 | K52: 0.047044607 | L52: 113 | M52: 0.090690209
B53: Córdoba Capital | D53: 5680 | E53: 0.052217881 | F53: 3469 | G53: 0.060840436 | H53: 203 | I53: 0.060723901 | J53: 1982 | K53: 0.042020014 | L53: 26 | M53: 0.020866774
B54: Gran Mendoza | D54: 3605 | E54: 0.033141806 | F54: 1746 | G54: 0.030621909 | H54: 92 | I54: 0.027520191 | J54: 1758 | K54: 0.037271031 | L54: 9 | M54: 0.007223114
B55: Rosario | D55: 3661 | E55: 0.033656631 | F55: 2006 | G55: 0.035181872 | H55: 67 | I55: 0.020041879 | J55: 1573 | K55: 0.033348881 | L55: 15 | M55: 0.012038523
A56: Resto del País | D56: 10744 | E56: 0.098772696 | F56: 5058 | G56: 0.088708829 | H56: 557 | I56: 0.16661681 | J56: 5058 | K56: 0.10723372 | L56: 71 | M56: 0.056982343
A58: Area Metropolitana Buenos Aires (A.M.B.A.) | B58: C.A.B.A.
B59: Zona Gran La Plata, integrada por los partidos de Berisso, Ensenada y La Plata.
B60: Zona Sur, integrada por los partidos de Esteban Echeverría, Ezeiza, Presidente Perón y San Vicente.
B61: Zona Sureste, integrada por los partidos de Almirante Brown, Avellaneda, Berazategui, Florencio Varela y Quilmes.
B62: Zona Suroeste, integrada por los partidos de La Matanza, Lanús y Lomas de Zamora.
B63: Zona Noreste, integrada por los partidos de Escobar, San Fernando, San Isidro, Tigre y Vicente López.
B64: Zona Noroeste, integrada por los partidos de General Rodríguez, Merlo, Moreno y Pilar.
B65: Zona Norte Centro, integrada por los partidos de General San Martín, José C. Paz, Malvinas Argentinas, San Miguel y Tres de Febrero
B66: Zona Oeste, integrada por los partidos de Hurlingham, Ituzaingó, Morón.

Sheet Cuadro 29
A1: AUTOMOTORES - Coberturas de Casco | O1: INDICE
A2: Cuadro 29: Vehículos Expuestos a Riesgo con cobertura de Robo Total. Partidos del Área Metropolitana. Principales Tipos de Vehículo. Año 2024
A4: Jurisdicción | B4: Zona | C4: Partido | D4: Total | F4: Autos | G4: Autos | H4: Camionetas | J4: Motos | L4: Otros | M4: Motos
D5: Cant. | E5: Part. % | F5: Cant. | G5: Part. % | H5: Cant. | I5: Part. % | J5: Cant. | K5: Part. % | L5: Cant. | M5: Part. %
A6: Total | D6: 9636506.3 | E6: 1 | F6: 7397924.5 | G6: 1 | H6: 799623.16 | I6: 1 | J6: 986112.47 | K6: 1 | L6: 452846.2 | M6: 1
A7: C.A.B.A. | D7: 1037469.3 | E7: 0.10766035 | F7: 825347.42 | G7: 0.11156478 | H7: 59097.901 | I7: 0.07390719 | J7: 87031.66 | K7: 0.088257337 | L7: 65992.292 | M7: 0.14572782
A8: A.M.B.A. | D8: 3809356.2 | E8: 0.39530485 | F8: 3027422 | G8: 0.40922606 | H8: 201895.42 | I8: 0.25248821 | J8: 416165.18 | K8: 0.42202608 | L8: 163873.6 | M8: 0.36187475
A9: Buenos Aires | D9: 4266786.2 | E9: 0.44277332 | F9: 3321686.2 | G9: 0.44900268 | H9: 310935.25 | I9: 0.38885223 | J9: 446329.11 | K9: 0.45261482 | L9: 187835.58 | M9: 0.4147889
B10: Gran La Plata | D10: 285398.68 | E10: 0.029616418 | F10: 229838.58 | G10: 0.031067997 | H10: 18173.929 | I10: 0.022728117 | J10: 29114.307 | K10: 0.029524327 | L10: 18717.892 | M10: 0.041333884
C11: Berisso | D11: 22082.27 | E11: 0.0022915233 | F11: 17144.084 | G11: 0.0023174193 | H11: 1055.9137 | I11: 0.0013205141 | J11: 3486.0727 | K11: 0.0035351675 | L11: 396.19958 | M11: 0.0008749098
C12: Ensenada | D12: 316043.39 | E12: 0.032796483 | F12: 250257.84 | G12: 0.033828132 | H12: 16571.682 | I12: 0.020724365 | J12: 41191.785 | K12: 0.041771894 | L12: 8022.0879 | M12: 0.017714818
C13: La Plata | D13: 266548.36 | E13: 0.02766028 | F13: 215649.73 | G13: 0.029150046 | H13: 13150.74 | I13: 0.016446172 | J13: 27448.285 | K13: 0.027834842 | L13: 10299.605 | M13: 0.022744156
B14: Noreste | D14: 489640.74 | E14: 0.050811043 | F14: 393942.31 | G14: 0.053250411 | H14: 26052.457 | I14: 0.032580918 | J14: 54206.012 | K14: 0.054969401 | L14: 11790.722 | M14: 0.026036924
C15: Escobar | D15: 14517.678 | E15: 0.0015065298 | F15: 11066.428 | G15: 0.0014958836 | H15: 720.501 | I15: 0.00090105069 | J15: 2196.0184 | K15: 0.0022269452 | L15: 534.73079 | M15: 0.0011808221
C16: San Fernando | D16: 15288.881 | E16: 0.0015865592 | F16: 11642.833 | G16: 0.0015737981 | H16: 1061.7247 | I16: 0.0013277813 | J16: 2252.172 | K16: 0.0022838896 | L16: 332.15145 | M16: 0.00073347517
C17: San Isidro | D17: 133613.25 | E17: 0.013865326 | F17: 106486.76 | G17: 0.014394147 | H17: 5874.879 | I17: 0.0073470596 | J17: 16484.75 | K17: 0.016716907 | L17: 4766.8647 | M17: 0.010526454
C18: Tigre | D18: 108187.91 | E18: 0.011226885 | F18: 84088.043 | G18: 0.011366443 | H18: 4894.8019 | I18: 0.0061213858 | J18: 13792.963 | K18: 0.01398721 | L18: 5412.0995 | M18: 0.011951297
C19: Vicente Lopez | D19: 25764.999 | E19: 0.0026736878 | F19: 20634.124 | G19: 0.0027891789 | H19: 1713.757 | I19: 0.0021432059 | J19: 2672.2422 | K19: 0.0027098757 | L19: 744.87547 | M19: 0.0016448752
B20: Noroeste | D20: 303441.04 | E20: 0.031488711 | F20: 236240.71 | G20: 0.031933394 | H20: 17192.271 | I20: 0.021500466 | J20: 38347.987 | K20: 0.038888046 | L20: 19920.03 | M20: 0.043988511
C21: General Rodriguez | D21: 202546.76 | E21: 0.021018701 | F21: 161828.34 | G21: 0.021874842 | H21: 15719.041 | I21: 0.019658061 | J21: 18459.926 | K21: 0.018719899 | L21: 6539.4522 | M21: 0.01444078
C22: Merlo | D22: 69581.92 | E22: 0.0072206612 | F22: 55006.775 | G22: 0.0074354372 | H22: 3191.198 | I22: 0.0039908773 | J22: 8998.5867 | K22: 0.0091253148 | L22: 2385.3603 | M22: 0.0052674844
C23: Moreno | D23: 210304.19 | E23: 0.021823705 | F23: 162130.94 | G23: 0.021915744 | H23: 12734.552 | I23: 0.015925692 | J23: 26958.62 | K23: 0.027338281 | L23: 8480.0829 | M23: 0.018726188
C24: Pilar | D24: 81503.643 | E24: 0.0084578034 | F24: 63788.766 | G24: 0.0086225264 | H24: 4617.1122 | I24: 0.0057741101 | J24: 10582.63 | K24: 0.010731666 | L24: 2515.1346 | M24: 0.0055540591
B25: Norte Centro | D25: 379023.51 | E25: 0.039332062 | F25: 299791.19 | G25: 0.04052371 | H25: 17509.525 | I25: 0.02189722 | J25: 47290.029 | K25: 0.04795602 | L25: 16144.36 | M25: 0.035650867
C26: Jose C. Paz | D26: 52345.022 | E26: 0.0054319523 | F26: 41081.254 | G26: 0.0055530812 | H26: 2421.8751 | I26: 0.0030287706 | J26: 7447.4423 | K26: 0.0075523255 | L26: 1394.4506 | M26: 0.0030793029
C27: Malvinas Argentinas | D27: 138753.78 | E27: 0.014398769 | F27: 113082.52 | G27: 0.015285717 | H27: 7096.4312 | I27: 0.0088747194 | J27: 14536.151 | K27: 0.014740865 | L27: 4038.6731 | M27: 0.0089184211
C28: San Martin | D28: 241380.81 | E28: 0.025048591 | F28: 170735.11 | G28: 0.023078798 | H28: 10162.532 | I28: 0.012709152 | J28: 52663.434 | K28: 0.053405099 | L28: 7819.7331 | M28: 0.017267967
C29: San Miguel | D29: 41492.641 | E29: 0.004305778 | F29: 32073.055 | G29: 0.0043354148 | H29: 1900.5514 | I29: 0.0023768089 | J29: 5957.0997 | K29: 0.0060409942 | L29: 1561.9346 | M29: 0.0034491503
C30: Tres de febrero | D30: 65715.493 | E30: 0.006819434 | F30: 53215.495 | G30: 0.0071933044 | H30: 3296.075 | I30: 0.0041220355 | J30: 7874.3549 | K30: 0.0079852503 | L30: 1329.5681 | M30: 0.0029360257
B31: Oeste | D31: 189328.53 | E31: 0.019647018 | F31: 149641.42 | G31: 0.020227498 | H31: 8001.7598 | I31: 0.010006913 | J31: 25434.702 | K31: 0.025792902 | L31: 7999.8419 | M31: 0.017665693
C32: Hurlingham | D32: 34181.395 | E32: 0.0035470748 | F32: 23722.792 | G32: 0.0032066838 | H32: 2552.598 | I32: 0.0031922512 | J32: 4553.8688 | K32: 0.0046180014 | L32: 3352.1366 | M32: 0.0074023732
C33: Ituzaingo | D33: 45613.546 | E33: 0.004733413 | F33: 34778.765 | G33: 0.0047011541 | H33: 1908.0877 | I33: 0.0023862336 | J33: 6748.0327 | K33: 0.006843066 | L33: 2178.6609 | M33: 0.0048110393
C34: Morón | D34: 88725.597 | E34: 0.0092072405 | F34: 69270.573 | G34: 0.0093635193 | H34: 4411.1977 | I34: 0.0055165957 | J34: 12574.781 | K34: 0.012751873 | L34: 2469.0444 | M34: 0.0054522804
B35: Sur | D35: 148222.22 | E35: 0.015381329 | F35: 114005.38 | G35: 0.015410462 | H35: 9343.5392 | I35: 0.011684928 | J35: 19907.446 | K35: 0.020187805 | L35: 11966.832 | M35: 0.02642582
C36: Esteban Echeverria | D36: 85781.577 | E36: 0.0089017335 | F36: 68554.549 | G36: 0.0092667321 | H36: 5389.9677 | I36: 0.0067406348 | J36: 9175.6146 | K36: 0.0093048358 | L36: 2661.4458 | M36: 0.0058771516
C37: Ezeiza | D37: 60800.095 | E37: 0.0063093529 | F37: 46938.204 | G37: 0.0063447834 | H37: 3260.4381 | I37: 0.0040774683 | J37: 8309.0468 | K37: 0.008426064 | L37: 2292.4058 | M37: 0.0050622172
C38: Presidente Peron | D38: 91369.966 | E38: 0.0094816522 | F38: 73781.405 | G38: 0.0099732626 | H38: 3671.797 | I38: 0.0045919093 | J38: 11239.227 | K38: 0.01139751 | L38: 2677.5361 | M38: 0.0059126832
C39: San Vicente | D39: 135361.31 | E39: 0.014046726 | F39: 109767.36 | G39: 0.014837597 | H39: 6659.8126 | I39: 0.0083286889 | J39: 14598.688 | K39: 0.014804283 | L39: 4335.4446 | M39: 0.0095737683
B40: Sureste | D40: 459023.39 | E40: 0.047633816 | F40: 360029.27 | G40: 0.048666279 | H40: 20913.95 | I40: 0.026154757 | J40: 60384.515 | K40: 0.061234917 | L40: 16385.814 | M40: 0.036184059
C41: Almirante Brown | D41: 103179.51 | E41: 0.010707153 | F41: 82551.839 | G41: 0.011158789 | H41: 4943.7274 | I41: 0.0061825716 | J41: 12389.477 | K41: 0.01256396 | L41: 3294.4627 | M41: 0.0072750146
C42: Avellaneda | D42: 90914.207 | E42: 0.0094343572 | F42: 69071.363 | G42: 0.0093365914 | H42: 3782.8361 | I42: 0.0047307736 | J42: 11896.874 | K42: 0.012064419 | L42: 6163.1344 | M42: 0.013609774
C43: Berazategui | D43: 72007.164 | E43: 0.0074723338 | F43: 56621.935 | G43: 0.0076537635 | H43: 3483.4274 | I43: 0.0043563363 | J43: 9893.7659 | K43: 0.010033101 | L43: 2008.0353 | M43: 0.0044342544
C44: Florencio Varela | D44: 46368.243 | E44: 0.0048117295 | F44: 34790.215 | G44: 0.0047027018 | H44: 3307.6194 | I44: 0.0041364727 | J44: 6673.9849 | K44: 0.0067679754 | L44: 1596.4242 | M44: 0.0035253121
C45: Quilmes | D45: 99030.408 | E45: 0.010276592 | F45: 79458.582 | G45: 0.010740664 | H45: 5611.3629 | I45: 0.0070175092 | J45: 10636.707 | K45: 0.010786505 | L45: 3323.7569 | M45: 0.0073397037
B46: Suroeste | D46: 517808.77 | E46: 0.053734098 | F46: 418585.68 | G46: 0.056581531 | H46: 25610.093 | I46: 0.032027702 | J46: 54448.52 | K46: 0.055215324 | L46: 13410.899 | M46: 0.029614688
C47: La Matanza | D47: 41389.733 | E47: 0.0042950991 | F47: 33265.903 | G47: 0.0044966558 | H47: 2121.5901 | I47: 0.0026532375 | J47: 4758.4851 | K47: 0.0048254993 | L47: 1243.7552 | M47: 0.002746529
C48: Lanus | D48: 248798.73 | E48: 0.025818365 | F48: 201628.06 | G48: 0.027254694 | H48: 16397.514 | I48: 0.020506552 | J48: 23432.216 | K48: 0.023762215 | L48: 7340.9396 | M48: 0.016210668
C49: Lomas de Zamora | D49: 112506.64 | E49: 0.011675049 | F49: 89853.429 | G49: 0.012145768 | H49: 5362.9213 | I49: 0.0067068109 | J49: 12464.084 | K49: 0.012639617 | L49: 4826.204 | M49: 0.01065749
B50: Bahia Blanca | D50: 114256.62 | E50: 0.011856649 | F50: 94913.127 | G50: 0.012829703 | H50: 8950.1344 | I50: 0.01119294 | J50: 6140.3848 | K50: 0.0062268605 | L50: 4252.9777 | M50: 0.0093916603
